date,currency,conversion_ratio
1/1/1998,USD,1
2/1/1998,USD,1
3/1/1998,USD,1
4/1/1998,USD,1
5/1/1998,USD,1
6/1/1998,USD,1
7/1/1998,USD,1
8/1/1998,USD,1
9/1/1998,USD,1
10/1/1998,USD,1
11/1/1998,USD,1
12/1/1998,USD,1
1/1/1998,Mexican Peso,0.12
2/1/1998,Mexican Peso,0.12
3/1/1998,Mexican Peso,0.12
4/1/1998,Mexican Peso,0.12
5/1/1998,Mexican Peso,0.11
6/1/1998,Mexican Peso,0.11
7/1/1998,Mexican Peso,0.11
8/1/1998,Mexican Peso,0.11
9/1/1998,Mexican Peso,0.11
10/1/1998,Mexican Peso,0.11
11/1/1998,Mexican Peso,0.11
12/1/1998,Mexican Peso,0.11
1/1/1998,Canadian Dollar,0.68
2/1/1998,Canadian Dollar,0.68
3/1/1998,Canadian Dollar,0.68
4/1/1998,Canadian Dollar,0.68
5/1/1998,Canadian Dollar,0.68
6/1/1998,Canadian Dollar,0.67
7/1/1998,Canadian Dollar,0.67
8/1/1998,Canadian Dollar,0.67
9/1/1998,Canadian Dollar,0.67
10/1/1998,Canadian Dollar,0.67
11/1/1998,Canadian Dollar,0.67
12/1/1998,Canadian Dollar,0.67
