employee_id,first_name,last_name,position_id,store_id,department_id,salary,hire_date,end_date,birth_date,education_level,marital_status,gender
1,Sheri,Nowmer,1,1,1,80000,1994/12/1,,1961/8/26,Graduate Degree,S,F
2,Derrick,Whelply,2,1,1,40000,1994/12/1,,1915/7/3,Graduate Degree,M,M
4,Michael,Spence,2,1,1,40000,1998/1/1,,1969/6/20,Graduate Degree,S,M
5,Maya,Gutierrez,2,2,1,35000,1998/1/1,,1951/5/10,Bachelors Degree,M,F
6,Roberta,Damstra,3,2,2,25000,1994/12/1,,1942/10/8,Bachelors Degree,M,F
7,Rebecca,Kanagaki,4,2,3,15000,1994/12/1,,1949/3/27,Bachelors Degree,M,F
8,Kim,Brunner,11,9,11,10000,1998/1/1,,1922/8/10,Bachelors Degree,S,F
9,Brenda,Blumberg,11,21,11,17000,1998/1/1,,1979/6/23,Graduate Degree,M,F
10,Darren,Stanz,5,2,5,50000,1994/12/1,,1949/8/26,Partial College,M,M
11,Jonathan,Murraiin,11,1,11,15000,1998/1/1,,1967/6/20,Graduate Degree,S,M
12,Jewel,Creek,11,5,11,8500,1998/1/1,,1971/10/18,Graduate Degree,S,F
13,Peggy,Medina,11,10,11,15000,1998/1/1,,1975/10/12,Bachelors Degree,S,F
14,Bryan,Rutledge,11,8,11,17000,1998/1/1,,1912/7/9,Bachelors Degree,M,M
15,Walter,Cavestany,11,4,11,12000,1998/1/1,,1941/11/5,Bachelors Degree,M,M
16,Peggy,Planck,11,12,11,17000,1998/1/1,,1919/6/2,Bachelors Degree,S,F
17,Brenda,Marshall,11,18,11,10000,1998/1/1,,1928/3/20,Partial College,S,F
18,Daniel,Wolter,11,19,11,17000,1998/1/1,,1914/9/21,Partial College,S,M
19,Dianne,Collins,11,20,11,10000,1998/1/1,,1953/7/20,Bachelors Degree,S,F
20,Beverly,Baker,2,3,1,30000,1994/12/1,,1974/4/16,Bachelors Degree,M,F
21,Pedro,Castillo,2,3,1,35000,1994/12/1,,1918/11/4,Bachelors Degree,M,M
22,Laurie,Borges,2,3,1,35000,1994/12/1,,1947/10/7,Bachelors Degree,M,F
23,Shauna,Wyro,11,11,11,15000,1994/12/1,,1916/10/24,Bachelors Degree,S,F
24,Jacqueline,Wyllie,11,13,11,17000,1994/12/1,,1921/12/4,Partial College,S,F
25,Lin,Conley,11,6,11,12000,1994/12/1,,1952/9/26,Graduate Degree,S,F
26,Jose,Bernard,11,7,11,15000,1994/12/1,,1954/8/25,High School Degree,S,M
27,Charles,Macaluso,11,14,11,16000,1994/12/1,,1934/3/17,Bachelors Degree,M,M
28,Lois,Wood,11,24,11,14000,1994/12/1,,1970/3/12,Partial College,M,F
29,Kevin,Armstrong,11,2,11,8500,1994/12/1,,1937/10/4,Graduate Degree,M,M
30,Cody,Goldey,11,3,11,15000,1994/12/1,,1917/7/8,Partial College,M,M
31,Paula,Nickell,11,15,11,14000,1994/12/1,,1978/7/2,Partial College,S,F
32,Eric,Long,11,16,11,17000,1994/12/1,,1930/1/8,High School Degree,M,M
33,Mary,Solimena,11,17,11,17000,1994/12/1,,1971/7/23,Bachelors Degree,S,F
34,Nathan,Muenich,11,22,11,7000,1994/12/1,,1919/10/21,Graduate Degree,M,M
35,Ed,Young,11,23,11,11000,1994/12/1,,1920/4/17,Bachelors Degree,S,M
36,Donna,Arnold,7,4,3,45000,1994/12/1,,1915/11/22,Bachelors Degree,S,F
37,Jennifer,Cooper,6,4,2,6700,1996/1/1,,1961/4/6,Bachelors Degree,S,F
38,Peggy,Petty,6,4,2,8000,1995/1/1,,1958/4/9,High School Degree,M,F
39,Jessica,Olguin,6,5,2,10000,1998/1/1,,1959/1/23,Bachelors Degree,S,F
40,Phyllis,Burchett,6,5,2,10000,1998/1/1,,1926/10/27,High School Degree,M,F
41,Howard,Bechard,7,5,3,8500,1995/1/1,,1919/4/19,High School Degree,S,M
42,Doris,Carter,7,6,3,5000,1998/1/1,,1965/3/27,High School Degree,M,F
43,Juanita,Sharp,8,6,4,6700,1994/1/1,,1977/5/16,Partial College,S,F
44,Sandra,Brunner,8,6,4,5000,1998/1/1,,1917/5/20,Bachelors Degree,S,F
45,Ernest,Staton,9,7,5,6800,1996/1/1,,1916/8/9,Graduate Degree,M,M
46,Rose,Sims,9,7,5,6600,1996/1/1,,1916/8/9,High School Degree,S,F
47,Lauretta,De Carlo,9,7,5,6500,1996/1/1,,1916/8/9,High School Degree,M,F
48,Mary,Williams,9,8,5,7200,1996/1/1,,1916/8/9,Partial College,M,F
49,Terri,Burke,9,8,5,5000,1998/1/1,,1916/8/9,Graduate Degree,S,F
50,Audrey,Osborn,9,8,5,5000,1998/1/1,,1916/8/9,Bachelors Degree,S,F
51,Brian,Binai,9,9,5,5000,1998/1/1,,1916/8/9,High School Degree,M,M
52,Concepcion,Lozada,9,9,5,5000,1998/1/1,,1916/8/9,Partial College,M,F
53,Paul,Tays,12,6,11,12000,1997/1/1,,1932/12/24,High School Degree,M,M
54,Cheryl,Thorton,13,6,11,9000,1997/1/1,,1961/9/24,Partial College,S,F
55,Gary,Dumin,13,6,11,8000,1997/1/1,,1961/9/24,Partial High School,S,M
56,Pat,Chin,13,6,11,7000,1997/1/1,,1961/9/24,High School Degree,M,F
57,Zach,Lovell,19,6,19,8500,1997/1/1,,1960/12/10,Bachelors Degree,M,M
58,Dave,Ratcliff,19,6,19,8500,1997/1/1,,1960/12/10,Bachelors Degree,M,M
59,Elizabeth,Moss,14,6,14,9000,1997/1/1,,1942/6/1,Partial College,M,F
60,Lori,Anderson,15,6,15,7200,1996/1/1,,1914/2/2,Bachelors Degree,S,F
61,Michael,Everson,15,6,15,6800,1996/1/1,,1914/2/2,Bachelors Degree,M,M
62,Mary,Borden,15,6,15,6900,1996/1/1,,1914/2/2,Graduate Degree,M,F
63,Sue,Willson,15,6,15,7100,1996/1/1,,1914/2/2,Partial College,S,F
64,Clayton,Harris,15,6,15,7000,1996/1/1,,1914/2/2,Partial College,M,M
65,Whitney,Contreras,15,6,15,7000,1996/1/1,,1914/2/2,Bachelors Degree,S,F
66,Boyd,Pusedu,15,6,15,5000,1996/1/1,,1914/2/2,High School Degree,S,M
67,Cian,Stedman,15,6,15,9000,1996/1/1,,1914/2/2,Bachelors Degree,S,F
68,Michele,Zocchi,15,6,15,6500,1996/1/1,,1914/2/2,Partial College,M,F
69,Jean,Walsh,15,6,15,7500,1996/1/1,,1914/2/2,Bachelors Degree,S,F
70,Leopoldo,Renfro,16,6,16,20,1996/1/1,,1914/2/2,High School Degree,S,M
71,Donna,Brockett,16,6,16,20,1996/1/1,,1914/2/2,Partial High School,S,F
72,Laurie,Anderson,16,6,16,20,1996/1/1,,1914/2/2,Graduate Degree,M,F
73,Louis,Gomez,16,6,16,20,1996/1/1,,1914/2/2,Partial College,M,M
74,Julie,Walker,16,6,16,20,1996/1/1,,1914/2/2,High School Degree,S,F
75,Jay,Jones,16,6,16,20,1996/1/1,,1914/2/2,Bachelors Degree,M,M
76,Gayle,Winfrey,16,6,16,20,1996/1/1,,1914/2/2,Bachelors Degree,S,F
77,Yasmina,Brown,16,6,16,20,1996/1/1,,1914/2/2,High School Degree,S,F
78,Joseph,Touchstone,16,6,16,20,1996/1/1,,1914/2/2,High School Degree,S,M
79,Mary,Bakhtyari,16,6,16,20,1996/1/1,,1914/2/2,Bachelors Degree,S,F
80,Melvin,Glass,17,6,17,4400,1995/1/25,,1946/4/18,Bachelors Degree,M,M
81,Kristin,Cohen,17,6,17,4800,1995/1/25,,1946/4/18,Partial College,S,F
82,Susan,Kharman,17,6,17,3700,1995/1/25,,1946/4/18,Graduate Degree,M,F
83,Gordon,Kirschner,17,6,17,6500,1995/1/25,,1946/4/18,Bachelors Degree,S,M
84,William,Burger,17,6,17,5200,1995/1/25,,1946/4/18,Bachelors Degree,M,M
85,Lana,Blau,17,6,17,4650,1995/1/25,,1946/4/18,Partial College,M,F
86,Donna,Derby,17,6,17,4550,1995/1/25,,1946/4/18,Partial College,S,F
87,Kathleen,Thomson,17,6,17,4400,1995/1/25,,1946/4/18,High School Degree,M,F
88,Gabriel,Walton,17,6,17,4700,1995/1/25,,1946/4/18,Graduate Degree,M,F
89,Bishop,Meastas,17,6,17,4500,1995/1/25,,1946/4/18,High School Degree,S,M
90,Geneva,Kouba,18,6,18,20,1997/1/1,,1976/10/5,Partial College,M,F
91,Tricia,Clark,18,6,18,20,1997/1/1,,1976/10/5,Graduate Degree,S,F
92,Debi,Munn,18,6,18,20,1997/1/1,,1976/10/5,Partial High School,M,F
93,Patricia,Goldberg,18,6,18,20,1997/1/1,,1976/10/5,High School Degree,S,F
94,Susan,Magenheim,18,6,18,20,1997/1/1,,1976/10/5,High School Degree,S,F
95,Nancy,Hance,18,6,18,20,1997/1/1,,1976/10/5,High School Degree,M,F
96,Rhonda,Mehlert,18,6,18,20,1997/1/1,,1976/10/5,Graduate Degree,S,F
97,Paula,Duran,18,6,18,20,1997/1/1,,1976/10/5,Partial College,S,F
98,Margaret,Earley,18,6,18,20,1997/1/1,,1976/10/5,Partial College,S,F
99,Elizabeth,Horne,18,6,18,20,1997/1/1,,1976/10/5,High School Degree,M,F
100,Mary,Hunt,12,7,11,13000,1997/1/1,,1932/12/24,Graduate Degree,S,F
101,Libby,Allen,13,7,11,8900,1997/1/1,,1961/9/24,Partial High School,S,F
102,Bonnie,Bruno,13,7,11,8200,1997/1/1,,1961/9/24,Partial College,M,F
103,Angela,Bowers,13,7,11,7000,1997/1/1,,1961/9/24,Partial High School,S,F
104,Donald,Gonzales,19,7,19,8500,1997/1/1,,1960/12/10,Partial College,S,M
105,Sylvester,Valdez,19,7,19,8500,1997/1/1,,1960/12/10,Partial College,M,M
106,John,Stewart,14,7,14,9000,1997/1/1,,1942/6/1,Partial College,M,M
107,Barney,Velasquez,15,7,15,7000,1996/1/1,,1914/2/2,Partial College,M,M
108,Kenneth,Dubois,15,7,15,6800,1996/1/1,,1914/2/2,Partial High School,M,M
109,Kate,Maestas,15,7,15,6700,1996/1/1,,1914/2/2,High School Degree,S,F
110,Josie,Underwood,15,7,15,8200,1996/1/1,,1914/2/2,Graduate Degree,M,F
111,Ramon,Strain,15,7,15,7000,1996/1/1,,1914/2/2,Graduate Degree,M,M
112,Pat,Azari,15,7,15,6800,1996/1/1,,1914/2/2,High School Degree,M,F
113,Bob,Dabit,15,7,15,6700,1996/1/1,,1914/2/2,Partial College,S,M
114,Marty,Carmona,15,7,15,8200,1996/1/1,,1914/2/2,Partial College,S,M
115,Gina,Saxton,15,7,15,7000,1996/1/1,,1914/2/2,Partial High School,S,F
116,Juan,McLaughlin,15,7,15,6800,1996/1/1,,1914/2/2,High School Degree,S,M
117,Carol,Eyster,15,7,15,6700,1996/1/1,,1914/2/2,Bachelors Degree,S,F
118,Nancy,Henry,15,7,15,8200,1996/1/1,,1914/2/2,High School Degree,M,F
119,Chris,Barros,16,7,16,20,1996/1/1,,1914/2/2,Partial College,M,F
120,Christopher,Groome,16,7,16,20,1996/1/1,,1914/2/2,Partial College,S,M
121,Anna,Hill,16,7,16,20,1996/1/1,,1914/2/2,High School Degree,S,F
122,Ramon,Williams,16,7,16,20,1996/1/1,,1914/2/2,High School Degree,S,M
123,Scott,Masters,16,7,16,20,1996/1/1,,1914/2/2,Graduate Degree,M,M
124,Joseph,"Brady, Jr.",16,7,16,20,1996/1/1,,1914/2/2,High School Degree,M,M
125,Ellen,Gray,16,7,16,20,1996/1/1,,1914/2/2,Partial High School,M,F
126,Henry,Fielder,16,7,16,20,1996/1/1,,1914/2/2,Partial College,S,M
127,Jeanine,Finnell,16,7,16,20,1996/1/1,,1914/2/2,Bachelors Degree,M,F
128,Ian,Schuetz,16,7,16,20,1996/1/1,,1914/2/2,High School Degree,S,M
129,Richard,Runyon,16,7,16,20,1996/1/1,,1914/2/2,Bachelors Degree,S,M
130,Linda,Potter,16,7,16,20,1996/1/1,,1914/2/2,High School Degree,M,F
131,Mary,Smith,16,7,16,20,1996/1/1,,1914/2/2,Partial College,S,F
132,Barbara,Brumagen,16,7,16,20,1996/1/1,,1914/2/2,Partial College,S,F
133,Thelma,Hamilton,16,7,16,20,1996/1/1,,1914/2/2,Bachelors Degree,S,F
134,Shirley,Wilbert,17,7,17,4400,1996/1/1,,1914/2/2,Bachelors Degree,S,F
135,Jeremy,Ingram,17,7,17,4800,1996/1/1,,1914/2/2,Bachelors Degree,S,M
136,Sharon,Haddix,17,7,17,3700,1996/1/1,,1914/2/2,Bachelors Degree,M,F
137,Leland,Thomas,17,7,17,6500,1996/1/1,,1914/2/2,High School Degree,S,M
138,Don,Wilson,17,7,17,5200,1996/1/1,,1914/2/2,Partial College,M,M
139,Wayne,Stovall,17,7,17,4650,1996/1/1,,1914/2/2,High School Degree,S,M
140,Douglas,Russell,17,7,17,4550,1996/1/1,,1914/2/2,High School Degree,M,M
141,Maureen,Doose,17,7,17,4400,1996/1/1,,1914/2/2,Bachelors Degree,M,F
142,Ann,Morreale,17,7,17,4700,1996/1/1,,1914/2/2,Bachelors Degree,M,F
143,Sheila,Rupert,17,7,17,4500,1996/1/1,,1914/2/2,Partial High School,M,F
144,Ashley,Pierson,17,7,17,4400,1996/1/1,,1914/2/2,Graduate Degree,S,F
145,Ivan,Nickels,17,7,17,4600,1996/1/1,,1914/2/2,Graduate Degree,S,M
146,Chad,Neuhauser,18,7,18,20,1996/1/1,,1914/2/2,Partial College,M,M
147,Ann,Coke,18,7,18,20,1996/1/1,,1914/2/2,Bachelors Degree,M,F
148,Jon,Scarbrough,18,7,18,20,1996/1/1,,1914/2/2,Partial College,S,M
149,Lillian,Martensen,18,7,18,20,1996/1/1,,1914/2/2,Partial College,M,F
150,Mary,McCormick,18,7,18,20,1996/1/1,,1914/2/2,Partial College,M,F
151,James,Sparacino,18,7,18,20,1996/1/1,,1914/2/2,High School Degree,S,M
152,John,Racette,18,7,18,20,1996/1/1,,1914/2/2,Graduate Degree,M,M
153,Edwardo,Thompson,18,7,18,20,1996/1/1,,1914/2/2,Graduate Degree,S,M
154,Sam,Warren,18,7,18,20,1996/1/1,,1914/2/2,Partial College,M,M
155,Shelby,Chow-Wang,18,7,18,20,1996/1/1,,1914/2/2,Graduate Degree,M,M
156,Nelly,Wood,18,7,18,20,1996/1/1,,1914/2/2,Partial College,S,F
157,Jackie,Morgan,18,7,18,20,1996/1/1,,1914/2/2,Bachelors Degree,M,F
158,Gavin,Boje,18,7,18,20,1996/1/1,,1914/2/2,Partial College,M,M
159,Marlene,Tsujimoto,18,7,18,20,1996/1/1,,1914/2/2,Bachelors Degree,S,F
160,RitaIva,Bouton,18,7,18,20,1996/1/1,,1914/2/2,High School Degree,M,F
161,Dell,Gras,12,24,11,13000,1997/1/1,,1932/12/24,Bachelors Degree,M,F
162,Christopher,Solano,13,24,11,8900,1997/1/1,,1961/9/24,Partial High School,M,M
163,George,Armstrong,13,24,11,8200,1997/1/1,,1961/9/24,Bachelors Degree,S,M
164,Kristine,Aldred,13,24,11,7000,1997/1/1,,1961/9/24,Partial College,S,F
165,Tom,Jorgenson,19,24,19,8500,1997/1/1,,1960/12/10,Graduate Degree,S,M
166,Dana,Turner,19,24,19,8500,1997/1/1,,1960/12/10,Graduate Degree,S,F
167,Terry,Zakerski,14,24,14,9000,1997/1/1,,1942/6/1,Partial College,M,M
168,David,Carlson,15,24,15,7000,1996/1/1,,1914/2/2,Graduate Degree,M,F
169,Linda,Symons,15,24,15,6800,1996/1/1,,1914/2/2,Graduate Degree,S,F
170,Louis,Reynolds,15,24,15,6700,1996/1/1,,1914/2/2,Bachelors Degree,S,M
171,Maureen,Ibsen,15,24,15,8200,1996/1/1,,1914/2/2,Graduate Degree,S,M
172,Virginia,Ciochon,15,24,15,7000,1996/1/1,,1914/2/2,Partial College,S,F
173,Steve,Berger,15,24,15,6800,1996/1/1,,1914/2/2,Partial College,S,F
174,James,Bayol,15,24,15,6700,1996/1/1,,1914/2/2,High School Degree,S,F
175,Meredith,Thumann,15,24,15,8200,1996/1/1,,1914/2/2,Partial College,S,F
176,Julie,Jones,15,24,15,7000,1996/1/1,,1914/2/2,Bachelors Degree,S,M
177,Janet,Bury,15,24,15,6800,1996/1/1,,1914/2/2,Partial High School,M,M
178,Onita,Bevan,15,24,15,6700,1996/1/1,,1914/2/2,Graduate Degree,M,M
179,Mary,Monarco,15,24,15,8200,1996/1/1,,1914/2/2,Bachelors Degree,S,M
180,Vicky,Zingarelli,16,24,16,20,1996/1/1,,1914/2/2,Graduate Degree,M,F
181,Helen,Valentine,16,24,16,20,1996/1/1,,1914/2/2,Partial College,M,F
182,Carol,Scheulen,16,24,16,20,1996/1/1,,1914/2/2,Bachelors Degree,S,F
183,Virgie,Koon,16,24,16,20,1996/1/1,,1914/2/2,Bachelors Degree,S,M
184,Sarah,Amole,16,24,16,20,1996/1/1,,1914/2/2,Partial College,S,F
185,Cecil,Hill,16,24,16,20,1996/1/1,,1914/2/2,High School Degree,S,M
186,Ruth,Tate,16,24,16,20,1996/1/1,,1914/2/2,Partial High School,S,F
187,Larry,Schnurr,16,24,16,20,1996/1/1,,1914/2/2,Bachelors Degree,M,M
188,Jerry,Sutton,16,24,16,20,1996/1/1,,1914/2/2,Partial High School,M,F
189,Kevin,Mlincek,16,24,16,20,1996/1/1,,1914/2/2,Graduate Degree,M,M
190,Edward,Tucker,16,24,16,20,1996/1/1,,1914/2/2,Partial High School,S,F
191,Kenton,Forham,16,24,16,20,1996/1/1,,1914/2/2,Bachelors Degree,S,F
192,Brittany,Malik,16,24,16,20,1996/1/1,,1914/2/2,Bachelors Degree,S,F
193,Jeannette,Eldridge,16,24,16,20,1996/1/1,,1914/2/2,Bachelors Degree,S,M
194,Terry,Anderson,16,24,16,20,1996/1/1,,1914/2/2,Partial College,S,F
195,Loni,Sosa,17,24,17,4400,1996/1/1,,1914/2/2,Bachelors Degree,S,F
196,Marie,Mann,17,24,17,4800,1996/1/1,,1914/2/2,Graduate Degree,M,M
197,Michael,Prater,17,24,17,3700,1996/1/1,,1914/2/2,High School Degree,M,F
198,Karen,Ansaldo,17,24,17,6500,1996/1/1,,1914/2/2,High School Degree,M,F
199,Lance,Caijem,17,24,17,5200,1996/1/1,,1914/2/2,High School Degree,S,M
200,Pamela,Yates,17,24,17,4650,1996/1/1,,1914/2/2,Bachelors Degree,M,F
201,Iwona,Turner,17,24,17,4550,1996/1/1,,1914/2/2,Partial High School,S,F
202,Mary,Fulcher,17,24,17,4400,1996/1/1,,1914/2/2,Bachelors Degree,M,F
203,Raymond,Berg,17,24,17,4700,1996/1/1,,1914/2/2,Partial College,S,M
204,Ramona,Lopez,17,24,17,4500,1996/1/1,,1914/2/2,High School Degree,M,M
205,Helen,Valdivia,17,24,17,4400,1996/1/1,,1914/2/2,Graduate Degree,M,M
206,Beverly,Cardoza,17,24,17,4600,1996/1/1,,1914/2/2,Graduate Degree,M,F
207,Mary,Hall,18,24,18,20,1996/1/1,,1914/2/2,Graduate Degree,M,M
208,Rachel,Minarick,18,24,18,20,1996/1/1,,1914/2/2,Bachelors Degree,M,F
209,Dorine,Los Olmos,18,24,18,20,1996/1/1,,1914/2/2,Partial College,S,M
210,Dave,Garner,18,24,18,20,1996/1/1,,1914/2/2,Graduate Degree,M,F
211,Lois,Leong,18,24,18,20,1996/1/1,,1914/2/2,Partial High School,S,M
212,Larasa,Tate,18,24,18,20,1996/1/1,,1914/2/2,Graduate Degree,M,M
213,David,Watson,18,24,18,20,1996/1/1,,1914/2/2,Bachelors Degree,S,F
214,James,Frank,18,24,18,20,1996/1/1,,1914/2/2,Bachelors Degree,S,M
215,Alfredo,Wood,18,24,18,20,1996/1/1,,1914/2/2,Partial College,M,M
216,Dorothy,Baird,18,24,18,20,1996/1/1,,1914/2/2,High School Degree,M,F
217,George,Jans,18,24,18,20,1996/1/1,,1914/2/2,High School Degree,S,M
218,Bernadine,Garrison,18,24,18,20,1996/1/1,,1914/2/2,Bachelors Degree,M,M
219,Sam,Zeller,18,24,18,20,1996/1/1,,1914/2/2,Graduate Degree,M,M
220,Dorothy,Ace,18,24,18,20,1996/1/1,,1914/2/2,Bachelors Degree,S,F
221,Adria,Trujillo,18,24,18,20,1996/1/1,,1914/2/2,Partial High School,M,F
222,Bunny,McCown,12,14,11,8000,1993/5/1,,1972/5/12,Bachelors Degree,M,F
223,Nancy,Miller,15,14,15,6500,1996/1/1,,1914/2/2,Partial High School,M,F
224,Wanda,Hollar,16,14,16,20,1996/1/1,,1914/2/2,Partial College,M,F
225,Barbara,Wallin,12,11,11,13000,1997/1/1,,1932/12/24,Bachelors Degree,M,M
226,Michael,Bruha,13,11,11,8900,1997/1/1,,1961/9/24,Bachelors Degree,S,F
227,Michael,Suggs,13,11,11,8200,1997/1/1,,1961/9/24,Partial College,S,F
228,Kenneth,Turner,13,11,11,7000,1997/1/1,,1961/9/24,Graduate Degree,S,F
229,Lois,Griffin,19,11,19,8500,1997/1/1,,1960/12/10,Bachelors Degree,S,F
230,Robert,Guardamondo,19,11,19,8500,1997/1/1,,1960/12/10,Partial College,M,M
231,Bryan,West,14,11,14,9000,1997/1/1,,1942/6/1,Bachelors Degree,S,F
232,Vicki,Welsh,15,11,15,7000,1996/1/1,,1914/2/2,Partial College,S,F
233,Harvey,McCollum,15,11,15,6800,1996/1/1,,1914/2/2,High School Degree,S,M
234,Mary,Cramer,15,11,15,6700,1996/1/1,,1914/2/2,Partial College,M,M
235,Linda,Fike,15,11,15,8200,1996/1/1,,1914/2/2,Partial College,M,M
236,Sam,Adair,15,11,15,7000,1996/1/1,,1914/2/2,Bachelors Degree,S,M
237,Jerry,Kolosso,15,11,15,6800,1996/1/1,,1914/2/2,Partial High School,S,M
238,Todd,Carpenter,15,11,15,6700,1996/1/1,,1914/2/2,Bachelors Degree,M,F
239,Lisa,Watkins,15,11,15,8200,1996/1/1,,1914/2/2,High School Degree,S,M
240,Kevin,Barrera,15,11,15,7000,1996/1/1,,1914/2/2,Bachelors Degree,M,M
241,Maria,Price,15,11,15,6800,1996/1/1,,1914/2/2,Partial High School,M,M
242,Flossie,Rosemont,15,11,15,6700,1996/1/1,,1914/2/2,Graduate Degree,M,M
243,Betty,McMenama,15,11,15,8200,1996/1/1,,1914/2/2,Partial College,S,M
244,Max,Lyons,16,11,16,20,1996/1/1,,1914/2/2,Partial College,M,F
245,Christine,Sandy Kurtz,16,11,16,20,1996/1/1,,1914/2/2,Graduate Degree,S,M
246,Rita,Santry,16,11,16,20,1996/1/1,,1914/2/2,High School Degree,M,M
247,Catherine,Quigle,16,11,16,20,1996/1/1,,1914/2/2,Partial College,M,F
248,Patricia,Christensen,16,11,16,20,1996/1/1,,1914/2/2,Partial High School,M,M
249,Anne,Mercurio,16,11,16,20,1996/1/1,,1914/2/2,Partial College,M,F
250,Louis,McGrath,16,11,16,20,1996/1/1,,1914/2/2,High School Degree,S,M
251,Rachael,Wright,16,11,16,20,1996/1/1,,1914/2/2,Partial College,S,F
252,Richard,Skuce,16,11,16,20,1996/1/1,,1914/2/2,High School Degree,M,M
253,George,Coleman,16,11,16,20,1996/1/1,,1914/2/2,High School Degree,S,F
254,Lois,Barnes,16,11,16,20,1996/1/1,,1914/2/2,Partial College,S,M
255,Jacky,Camille,16,11,16,20,1996/1/1,,1914/2/2,High School Degree,M,M
256,Michelle,Allenbach,16,11,16,20,1996/1/1,,1914/2/2,High School Degree,S,M
257,Franklin,Smith,16,11,16,20,1996/1/1,,1914/2/2,High School Degree,S,F
258,John,Minker,16,11,16,20,1996/1/1,,1914/2/2,High School Degree,M,M
259,Sarah,Jimenez,17,11,17,4400,1996/1/1,,1914/2/2,High School Degree,M,M
260,Darwin,Malaby,17,11,17,4800,1996/1/1,,1914/2/2,High School Degree,S,M
261,Pamela,Caldwell,17,11,17,3700,1996/1/1,,1914/2/2,Partial College,M,M
262,Roger,Tinder,17,11,17,6500,1996/1/1,,1914/2/2,High School Degree,S,F
263,Joseph,Kropff,17,11,17,5200,1996/1/1,,1914/2/2,High School Degree,S,F
264,Mimi,Worsham,17,11,17,4650,1996/1/1,,1914/2/2,Partial High School,M,F
265,Ruth,Bernal,17,11,17,4550,1996/1/1,,1914/2/2,Bachelors Degree,M,F
266,Yolanda,Zimmerman,17,11,17,4400,1996/1/1,,1914/2/2,High School Degree,S,M
267,Sandra,Evans,17,11,17,4700,1996/1/1,,1914/2/2,Bachelors Degree,M,F
268,Virginia,Bowman,17,11,17,4500,1996/1/1,,1914/2/2,Partial College,S,M
269,Mary,Coleman,17,11,17,4400,1996/1/1,,1914/2/2,Partial College,S,F
270,Kevin,Chrisulis,17,11,17,4600,1996/1/1,,1914/2/2,Partial College,S,M
271,Lee,Whitcomb,18,11,18,20,1996/1/1,,1914/2/2,Bachelors Degree,S,M
272,Brian,Turcios,18,11,18,20,1996/1/1,,1914/2/2,Partial College,M,F
273,Jennifer,Confetti,18,11,18,20,1996/1/1,,1914/2/2,High School Degree,M,F
274,Geneva,Takemura,18,11,18,20,1996/1/1,,1914/2/2,Bachelors Degree,S,M
275,Lynn,Campbell,18,11,18,20,1996/1/1,,1914/2/2,Graduate Degree,S,F
276,Nina,Smith,18,11,18,20,1996/1/1,,1914/2/2,Partial College,M,M
277,Darrell,Vuong,18,11,18,20,1996/1/1,,1914/2/2,Bachelors Degree,S,M
278,Eric,Abbott,18,11,18,20,1996/1/1,,1914/2/2,Partial College,M,F
279,Doris,Liff,18,11,18,20,1996/1/1,,1914/2/2,High School Degree,S,F
280,John,Steinberg,18,11,18,20,1996/1/1,,1914/2/2,Bachelors Degree,M,F
281,Jerry,Megel,18,11,18,20,1996/1/1,,1914/2/2,Partial College,S,F
282,John,Styles,18,11,18,20,1996/1/1,,1914/2/2,Partial College,M,F
283,Shirley,Head,18,11,18,20,1996/1/1,,1914/2/2,Partial High School,S,M
284,James,Story,18,11,18,20,1996/1/1,,1914/2/2,Bachelors Degree,S,F
285,Jean,Boone,18,11,18,20,1996/1/1,,1914/2/2,High School Degree,M,F
286,Ralph,Mccoy,12,13,11,13000,1997/1/1,,1932/12/24,Bachelors Degree,M,F
287,Anne,Tuck,13,13,11,8900,1997/1/1,,1961/9/24,Bachelors Degree,M,F
288,Joy,Sincich,13,13,11,8200,1997/1/1,,1961/9/24,Partial College,M,F
289,Bertha,Jameson,13,13,11,7000,1997/1/1,,1961/9/24,Partial High School,M,F
290,Charles,Sanchez,19,13,19,8500,1997/1/1,,1960/12/10,High School Degree,S,M
291,Wanda,Parks,19,13,19,8500,1997/1/1,,1960/12/10,Graduate Degree,M,M
292,Nathan,Vij,14,13,14,9000,1997/1/1,,1942/6/1,Partial College,M,M
293,Corinne,Zugschwert,15,13,15,7000,1996/1/1,,1914/2/2,Partial College,M,M
294,Michelle,Adams,15,13,15,6800,1996/1/1,,1914/2/2,Partial High School,S,F
295,Donahue,Steen,15,13,15,6700,1996/1/1,,1914/2/2,Partial College,M,M
296,John,Baker,15,13,15,8200,1996/1/1,,1914/2/2,Bachelors Degree,M,F
297,Keith,Pearl,15,13,15,8000,1996/1/1,,1914/2/2,Graduate Degree,M,F
298,Sarah,Roundtree,15,13,15,7000,1996/1/1,,1914/2/2,Partial High School,S,F
299,Lawrence,Bollin,15,13,15,6800,1996/1/1,,1914/2/2,Partial College,S,F
300,Fred,Hopkins,15,13,15,6700,1996/1/1,,1914/2/2,Bachelors Degree,S,M
301,Caroline,Vicknair,15,13,15,8200,1996/1/1,,1914/2/2,Graduate Degree,M,F
302,Nancy,McPhearson,15,13,15,7900,1996/1/1,,1914/2/2,High School Degree,S,F
303,Anna,Albright,15,13,15,7000,1996/1/1,,1914/2/2,High School Degree,M,M
304,Phyllis,Thomas,15,13,15,6800,1996/1/1,,1914/2/2,Bachelors Degree,M,M
305,Tina,Perko,15,13,15,6700,1996/1/1,,1914/2/2,Partial High School,S,F
306,Jane,McCarty,15,13,15,8200,1996/1/1,,1914/2/2,Graduate Degree,S,M
307,Scot,Bent,15,13,15,8100,1996/1/1,,1914/2/2,High School Degree,M,F
308,Pat,Chambers,16,13,16,20,1996/1/1,,1914/2/2,Bachelors Degree,M,F
309,Stanley,Bellifa,16,13,16,20,1996/1/1,,1914/2/2,High School Degree,M,M
310,Samuel,Johnson,16,13,16,20,1996/1/1,,1914/2/2,Bachelors Degree,S,F
311,Janice,Vrins,16,13,16,20,1996/1/1,,1914/2/2,Partial High School,S,M
312,Christinia,Mcdonald,16,13,16,20,1996/1/1,,1914/2/2,Partial High School,M,M
313,Ole,Weldon,16,13,16,20,1996/1/1,,1914/2/2,Bachelors Degree,M,M
314,Ruth,Choin,16,13,16,20,1996/1/1,,1914/2/2,Bachelors Degree,M,F
315,Sharon,Crow,16,13,16,20,1996/1/1,,1914/2/2,Partial College,M,M
316,Robert,Avalos,16,13,16,20,1996/1/1,,1914/2/2,Bachelors Degree,S,M
317,Eric,Jacobsen,16,13,16,20,1996/1/1,,1914/2/2,Graduate Degree,M,M
318,Pamela,Castro,16,13,16,20,1996/1/1,,1914/2/2,High School Degree,S,F
319,Sylvia,Caldwell,16,13,16,20,1996/1/1,,1914/2/2,Bachelors Degree,M,F
320,Russell,Reed,16,13,16,20,1996/1/1,,1914/2/2,Graduate Degree,S,F
321,Victor,Kelley,16,13,16,20,1996/1/1,,1914/2/2,Graduate Degree,S,M
322,Damon,Taylor,16,13,16,20,1996/1/1,,1914/2/2,Partial College,S,M
323,Rebecca,Robinson,16,13,16,20,1996/1/1,,1914/2/2,Graduate Degree,S,F
324,Andrea,Thomsen,16,13,16,20,1996/1/1,,1914/2/2,Graduate Degree,S,M
325,Douglas,Baldwin,16,13,16,20,1996/1/1,,1914/2/2,Partial High School,S,F
326,Ian,Yuhasz,17,13,17,4400,1996/1/1,,1914/2/2,Partial College,M,F
327,Jovita,Carmody,17,13,17,4800,1996/1/1,,1914/2/2,Bachelors Degree,S,F
328,Lynn,Gonzales,17,13,17,3700,1996/1/1,,1914/2/2,Bachelors Degree,S,M
329,Phyllis,Allen,17,13,17,6500,1996/1/1,,1914/2/2,Partial High School,S,F
330,Johnny,Caprio,17,13,17,4300,1996/1/1,,1914/2/2,Bachelors Degree,M,F
331,Lanna,Slaven,17,13,17,5200,1996/1/1,,1914/2/2,High School Degree,S,M
332,Fred,Ortiz,17,13,17,4650,1996/1/1,,1914/2/2,High School Degree,M,M
333,John,Beaver,17,13,17,4550,1996/1/1,,1914/2/2,Bachelors Degree,M,F
334,Albert,Rhodes,17,13,17,4400,1996/1/1,,1914/2/2,Bachelors Degree,M,F
335,Scott,Kaffer,17,13,17,4200,1996/1/1,,1914/2/2,High School Degree,M,F
336,Jennifer,Bales,17,13,17,4700,1996/1/1,,1914/2/2,Partial College,S,M
337,Louis,Stotka,17,13,17,4500,1996/1/1,,1914/2/2,High School Degree,M,F
338,Sandra,Maynard,17,13,17,4400,1996/1/1,,1914/2/2,Bachelors Degree,S,M
339,Gracia,Tuell,17,13,17,4600,1996/1/1,,1914/2/2,Partial College,S,F
340,Timothy,Burnett,17,13,17,4400,1996/1/1,,1914/2/2,Partial College,M,F
341,James,Haugh,18,13,18,20,1996/1/1,,1914/2/2,High School Degree,M,M
342,Paula,Moberly,18,13,18,20,1996/1/1,,1914/2/2,High School Degree,M,F
343,Eric,Meyer,18,13,18,20,1996/1/1,,1914/2/2,Graduate Degree,S,F
344,Gloria,Orona,18,13,18,20,1996/1/1,,1914/2/2,Bachelors Degree,M,M
345,Ruth,Warmack,18,13,18,20,1996/1/1,,1914/2/2,Partial High School,S,F
346,Joanna,Wall,18,13,18,20,1996/1/1,,1914/2/2,High School Degree,S,M
347,Sabria,Appelbaum,18,13,18,20,1996/1/1,,1914/2/2,Bachelors Degree,M,F
348,Jeffrey,Kung,18,13,18,20,1996/1/1,,1914/2/2,High School Degree,M,M
349,Gloria,Wilson,18,13,18,20,1996/1/1,,1914/2/2,Partial College,M,F
350,Phyllis,Tuffield,18,13,18,20,1996/1/1,,1914/2/2,Partial College,S,F
351,Patricia,Ping,18,13,18,20,1996/1/1,,1914/2/2,Partial College,S,M
352,David,Shepard,18,13,18,20,1996/1/1,,1914/2/2,High School Degree,S,F
353,James,Bailey,18,13,18,20,1996/1/1,,1914/2/2,Partial College,S,F
354,Susan,Chestnut,18,13,18,20,1996/1/1,,1914/2/2,Bachelors Degree,M,F
355,Delia,Toone,18,13,18,20,1996/1/1,,1914/2/2,Partial High School,S,F
356,Thomas,Armstrong,18,13,18,20,1996/1/1,,1914/2/2,Bachelors Degree,M,F
357,Mary,Billstrom,18,13,18,20,1996/1/1,,1914/2/2,Partial College,M,M
358,Robert,Stotka,18,13,18,20,1996/1/1,,1914/2/2,Graduate Degree,S,F
359,Danielle,Johnson,12,2,11,8000,1993/5/1,,1972/5/12,Partial College,M,F
360,Bonnie,Lepro,15,2,15,6700,1996/1/1,,1914/2/2,Graduate Degree,M,M
361,Carol,Elliott,16,2,16,20,1996/1/1,,1914/2/2,Partial High School,S,F
362,Shanay,Steelman,12,3,11,13000,1997/1/1,,1932/12/24,Graduate Degree,S,F
363,Frances,Adams,13,3,11,8900,1997/1/1,,1961/9/24,Partial High School,S,F
364,Alma,Poorbaugh,13,3,11,8200,1997/1/1,,1961/9/24,High School Degree,S,F
365,Neal,Hasty,13,3,11,7000,1997/1/1,,1961/9/24,Partial College,S,F
366,Steven,Betsekas,19,3,19,8500,1997/1/1,,1960/12/10,Bachelors Degree,M,M
367,Arvid,Ziegler,19,3,19,8500,1997/1/1,,1960/12/10,Bachelors Degree,S,F
368,Ann,Weyerhaeuser,14,3,14,9000,1997/1/1,,1942/6/1,High School Degree,S,F
369,Dorothy,Robinson,15,3,15,7000,1996/1/1,,1914/2/2,High School Degree,M,F
370,June,Brunner,15,3,15,6800,1996/1/1,,1914/2/2,Partial College,M,M
371,Judith,Frazier,15,3,15,6700,1996/1/1,,1914/2/2,Graduate Degree,S,M
372,Michelle,Rector,15,3,15,8200,1996/1/1,,1914/2/2,High School Degree,S,M
373,Mari,Caldwell,15,3,15,7000,1996/1/1,,1914/2/2,Bachelors Degree,S,F
374,Linda,Gonzales,15,3,15,6800,1996/1/1,,1914/2/2,Partial College,S,F
375,Alan,Monitor,15,3,15,6700,1996/1/1,,1914/2/2,Bachelors Degree,M,F
376,Elsie,Lewin,15,3,15,8200,1996/1/1,,1914/2/2,Graduate Degree,M,M
377,Bev,Desalvo,15,3,15,7000,1996/1/1,,1914/2/2,Bachelors Degree,M,F
378,Oscar,Alpuerto,15,3,15,6800,1996/1/1,,1914/2/2,Partial College,M,M
379,Cecelia,Marshall,15,3,15,6700,1996/1/1,,1914/2/2,High School Degree,S,M
380,Gabriel,Bockenkamp,15,3,15,8200,1996/1/1,,1914/2/2,Partial College,S,M
381,Alice,Kesterson,16,3,16,20,1996/1/1,,1914/2/2,Partial College,S,F
382,J. Phillip,Alexander,16,3,16,20,1996/1/1,,1914/2/2,Bachelors Degree,M,M
383,R. Morgan,Mendoza,16,3,16,20,1996/1/1,,1914/2/2,Partial High School,S,M
384,Pam,Herrick,16,3,16,20,1996/1/1,,1914/2/2,Partial College,M,M
385,James,McCoy,16,3,16,20,1996/1/1,,1914/2/2,Partial College,M,F
386,Rossane,Thoreson,16,3,16,20,1996/1/1,,1914/2/2,Partial High School,M,F
387,Victoria,Snowden,16,3,16,20,1996/1/1,,1914/2/2,Partial College,M,M
388,Donald,Blanton,16,3,16,20,1996/1/1,,1914/2/2,Partial College,S,F
389,Cornett,Gibbens,16,3,16,20,1996/1/1,,1914/2/2,Bachelors Degree,S,M
390,Paul,Alcorn,16,3,16,20,1996/1/1,,1914/2/2,Bachelors Degree,S,M
391,Virginia,Miller,16,3,16,20,1996/1/1,,1914/2/2,Bachelors Degree,S,M
392,Henry,Campen,16,3,16,20,1996/1/1,,1914/2/2,High School Degree,S,F
393,Connie,Coffman,16,3,16,20,1996/1/1,,1914/2/2,Bachelors Degree,M,M
394,Jared,Bustamante,16,3,16,20,1996/1/1,,1914/2/2,High School Degree,S,M
395,Carla,Eldridge,16,3,16,20,1996/1/1,,1914/2/2,Graduate Degree,M,F
396,Barbara,Sipsy,17,3,17,4400,1996/1/1,,1914/2/2,Graduate Degree,S,F
397,Dorothy,Weimer,17,3,17,4800,1996/1/1,,1914/2/2,Partial College,S,M
398,Richard,Irwin,17,3,17,3700,1996/1/1,,1914/2/2,Partial College,S,M
399,Alma,Son,17,3,17,6500,1996/1/1,,1914/2/2,Bachelors Degree,S,M
400,Cornelius,Brandon,17,3,17,5200,1996/1/1,,1914/2/2,Partial College,S,F
401,Monica,Quintana,17,3,17,4650,1996/1/1,,1914/2/2,Bachelors Degree,S,M
402,John,Colon,17,3,17,4550,1996/1/1,,1914/2/2,High School Degree,M,F
403,Brenda,Barlow,17,3,17,4400,1996/1/1,,1914/2/2,Partial High School,M,M
404,Ronald,Adina,17,3,17,4700,1996/1/1,,1914/2/2,Graduate Degree,M,M
405,Michael,Bohling,17,3,17,4500,1996/1/1,,1914/2/2,Bachelors Degree,S,F
406,Sam,Wheeler,17,3,17,4400,1996/1/1,,1914/2/2,Bachelors Degree,S,M
407,Abraham,Swearengin,17,3,17,4600,1996/1/1,,1914/2/2,Partial College,M,M
408,David,Givens,18,3,18,20,1996/1/1,,1914/2/2,High School Degree,S,F
409,Glenna,Beanston,18,3,18,20,1996/1/1,,1914/2/2,High School Degree,M,M
410,Dirk,Bruno,18,3,18,20,1996/1/1,,1914/2/2,High School Degree,S,M
411,Alexander,Berger,18,3,18,20,1996/1/1,,1914/2/2,Graduate Degree,M,M
412,Marcia,Sultan,18,3,18,20,1996/1/1,,1914/2/2,Partial College,M,M
413,Martin,Svoboda,18,3,18,20,1996/1/1,,1914/2/2,Bachelors Degree,M,F
414,Mary,Tullao,18,3,18,20,1996/1/1,,1914/2/2,High School Degree,S,F
415,Irene,Hernandez,18,3,18,20,1996/1/1,,1914/2/2,Partial College,S,M
416,Jay Saxema,Wilkie,18,3,18,20,1996/1/1,,1914/2/2,Partial High School,M,F
417,Sean,Lunt,18,3,18,20,1996/1/1,,1914/2/2,Bachelors Degree,S,F
418,Paul,Fulton,18,3,18,20,1996/1/1,,1914/2/2,Graduate Degree,S,F
419,Rudolph,Dillon,18,3,18,20,1996/1/1,,1914/2/2,Bachelors Degree,S,F
420,Matthew,Miller,18,3,18,20,1996/1/1,,1914/2/2,High School Degree,S,F
421,Vassar,Stern,18,3,18,20,1996/1/1,,1914/2/2,Bachelors Degree,S,F
422,Ruth,Suffin,18,3,18,20,1996/1/1,,1914/2/2,Partial College,S,M
423,Kristine,Cleary,12,15,11,13000,1997/1/1,,1932/12/24,Partial High School,S,F
424,Jaunita,Homax,13,15,11,8900,1997/1/1,,1961/9/24,Partial College,S,F
425,Margaret,Adams,13,15,11,8200,1997/1/1,,1961/9/24,Partial College,M,M
426,Carla,Zubaty,13,15,11,7000,1997/1/1,,1961/9/24,Partial College,M,M
427,Tammy,Khan,19,15,19,8500,1997/1/1,,1960/12/10,Partial College,M,M
428,David,Brinkd,19,15,19,8500,1997/1/1,,1960/12/10,High School Degree,M,M
429,James,Clark,14,15,14,9000,1997/1/1,,1942/6/1,High School Degree,S,M
430,Helen,Dennis,15,15,15,7000,1996/1/1,,1914/2/2,Graduate Degree,M,M
431,Eric,Brumfield,15,15,15,6800,1996/1/1,,1914/2/2,Graduate Degree,M,F
479,Rhoda,Finley,18,15,18,20,1996/1/1,,1914/2/2,Graduate Degree,M,F
432,Madalena,Sanchez,15,15,15,6700,1996/1/1,,1914/2/2,Partial High School,M,F
433,Gary,Suess,15,15,15,8200,1996/1/1,,1914/2/2,Partial College,S,F
434,Glenn,Trach,15,15,15,7000,1996/1/1,,1914/2/2,High School Degree,S,F
435,Cynthia,White,15,15,15,6800,1996/1/1,,1914/2/2,Partial High School,S,F
436,Walter,Brian,15,15,15,6700,1996/1/1,,1914/2/2,High School Degree,S,M
437,Christie,Trujillo,15,15,15,8200,1996/1/1,,1914/2/2,Bachelors Degree,M,F
438,Lili,Alameda,15,15,15,7000,1996/1/1,,1914/2/2,High School Degree,S,F
439,Dorothy,Fox,15,15,15,6800,1996/1/1,,1914/2/2,High School Degree,M,M
440,Aldeen,Gallagher,15,15,15,6700,1996/1/1,,1914/2/2,Partial College,S,F
441,Dorothy,Myer,15,15,15,8200,1996/1/1,,1914/2/2,High School Degree,S,F
442,David,Byrnes,16,15,16,20,1996/1/1,,1914/2/2,Partial High School,S,F
443,Justine,Ryan,16,15,16,20,1996/1/1,,1914/2/2,Graduate Degree,M,M
444,Forrest,Chand,16,15,16,20,1996/1/1,,1914/2/2,High School Degree,M,F
445,Margaret,Vanderkamp,16,15,16,20,1996/1/1,,1914/2/2,Partial High School,M,M
446,Rosmarie,Carroll,16,15,16,20,1996/1/1,,1914/2/2,Partial High School,S,F
447,Dorothy,Contreras,16,15,16,20,1996/1/1,,1914/2/2,Graduate Degree,M,M
448,Joseph,Cantoni,16,15,16,20,1996/1/1,,1914/2/2,Partial High School,M,M
449,Celine,Reed,16,15,16,20,1996/1/1,,1914/2/2,High School Degree,M,F
450,Glin,Peterson,16,15,16,20,1996/1/1,,1914/2/2,Graduate Degree,M,M
451,Stephen,Osborn,16,15,16,20,1996/1/1,,1914/2/2,High School Degree,M,F
452,Lowell,Graham.,16,15,16,20,1996/1/1,,1914/2/2,High School Degree,S,F
453,Jamie,Shaddy,16,15,16,20,1996/1/1,,1914/2/2,Partial College,M,F
454,Hattie,Haemon,16,15,16,20,1996/1/1,,1914/2/2,Partial College,S,M
455,Jame,Krow,16,15,16,20,1996/1/1,,1914/2/2,Partial College,M,F
456,Shane,Belli,16,15,16,20,1996/1/1,,1914/2/2,Bachelors Degree,S,M
457,Ethel,Porter,17,15,17,4400,1996/1/1,,1914/2/2,Partial High School,S,F
458,Gloria,Lesko,17,15,17,4800,1996/1/1,,1914/2/2,Partial College,M,F
459,Michael,Worland,17,15,17,3700,1996/1/1,,1914/2/2,High School Degree,S,M
460,Alvin,Torre,17,15,17,6500,1996/1/1,,1914/2/2,High School Degree,M,M
461,Susan,Ramos,17,15,17,5200,1996/1/1,,1914/2/2,Bachelors Degree,M,M
462,Jill,Christie,17,15,17,4650,1996/1/1,,1914/2/2,Bachelors Degree,M,F
463,Juanita,Zocchi,17,15,17,4550,1996/1/1,,1914/2/2,High School Degree,M,M
464,Sandra,Altamirano,17,15,17,4400,1996/1/1,,1914/2/2,Graduate Degree,S,M
465,Edna,Benson,17,15,17,4700,1996/1/1,,1914/2/2,Bachelors Degree,S,M
466,Alexander,Deborde,17,15,17,4500,1996/1/1,,1914/2/2,Partial College,S,M
467,Barbara,Calone,17,15,17,4400,1996/1/1,,1914/2/2,Bachelors Degree,S,F
468,Cheryl,Pompa,17,15,17,4600,1996/1/1,,1914/2/2,Partial College,M,F
469,Doris,Traube,18,15,18,20,1996/1/1,,1914/2/2,Partial College,M,M
470,Cathy,Sloan,18,15,18,20,1996/1/1,,1914/2/2,Partial College,M,F
471,Homer,Villa,18,15,18,20,1996/1/1,,1914/2/2,High School Degree,S,F
472,Deena,Herman,18,15,18,20,1996/1/1,,1914/2/2,Graduate Degree,M,F
473,Leota,Roberts,18,15,18,20,1996/1/1,,1914/2/2,Graduate Degree,S,F
474,John,Mc Clane,18,15,18,20,1996/1/1,,1914/2/2,Partial College,S,F
475,Jennifer,Maxham,18,15,18,20,1996/1/1,,1914/2/2,Graduate Degree,M,M
476,Elizabeth,Sullivan,18,15,18,20,1996/1/1,,1914/2/2,Bachelors Degree,S,F
477,Irene,Watada,18,15,18,20,1996/1/1,,1914/2/2,Partial High School,M,F
478,Constance,Rhiger,18,15,18,20,1996/1/1,,1914/2/2,Bachelors Degree,M,F
480,Kathleen,Winter,18,15,18,20,1996/1/1,,1914/2/2,Partial College,M,F
481,Carla,Adams,18,15,18,20,1996/1/1,,1914/2/2,Partial High School,M,M
482,Vanessa,Tench,18,15,18,20,1996/1/1,,1914/2/2,High School Degree,M,M
483,Carol,Brink,18,15,18,20,1996/1/1,,1914/2/2,Partial High School,S,M
484,Adam,Reynolds,12,16,11,13000,1997/1/1,,1932/12/24,Bachelors Degree,S,F
485,Constance,Posner,13,16,11,8900,1997/1/1,,1961/9/24,Bachelors Degree,S,F
486,William,Hapke,13,16,11,8200,1997/1/1,,1961/9/24,Partial College,M,M
487,Joshua,Huff,13,16,11,7000,1997/1/1,,1961/9/24,Bachelors Degree,S,F
488,Carolee,Brown,19,16,19,8500,1997/1/1,,1960/12/10,Partial College,S,M
489,Frances,Giglio,19,16,19,8500,1997/1/1,,1960/12/10,High School Degree,S,M
490,Irma,Sherwood,14,16,14,9000,1997/1/1,,1942/6/1,High School Degree,M,F
491,Benjamin,Becker,15,16,15,7000,1996/1/1,,1914/2/2,Partial College,M,F
492,Chad,Tedford,15,16,15,6800,1996/1/1,,1914/2/2,Bachelors Degree,S,M
493,Luke,Roy,15,16,15,6700,1996/1/1,,1914/2/2,Graduate Degree,M,M
494,Jean,Holloway,15,16,15,8200,1996/1/1,,1914/2/2,Partial College,S,F
495,Olga,Trau,15,16,15,7000,1996/1/1,,1914/2/2,High School Degree,M,M
496,Steve,Carnes,15,16,15,6800,1996/1/1,,1914/2/2,Bachelors Degree,M,M
497,Betty,Potts,15,16,15,6700,1996/1/1,,1914/2/2,Partial High School,M,M
498,Edward,Kozlowski,15,16,15,8200,1996/1/1,,1914/2/2,Graduate Degree,M,M
499,Sharon,Looney,15,16,15,7000,1996/1/1,,1914/2/2,Partial College,S,M
500,Patrick,Magenheimer,15,16,15,6800,1996/1/1,,1914/2/2,Bachelors Degree,M,F
501,Sue,Hofsetz,15,16,15,6700,1996/1/1,,1914/2/2,High School Degree,M,F
502,Janet,Gilliat,15,16,15,8200,1996/1/1,,1914/2/2,Partial High School,S,F
503,Charlene,Wojcik,16,16,16,20,1996/1/1,,1914/2/2,High School Degree,M,F
504,Eunice,Wolf,16,16,16,20,1996/1/1,,1914/2/2,Bachelors Degree,S,F
505,Kelly,Whitworth,16,16,16,20,1996/1/1,,1914/2/2,High School Degree,S,F
506,Judy,Thames,16,16,16,20,1996/1/1,,1914/2/2,Bachelors Degree,S,F
507,Pearlie,Rusek,16,16,16,20,1996/1/1,,1914/2/2,Bachelors Degree,M,M
508,Peggy,Justice,16,16,16,20,1996/1/1,,1914/2/2,Bachelors Degree,S,F
509,William,Conner,16,16,16,20,1996/1/1,,1914/2/2,Bachelors Degree,M,M
510,Ciro,Bauer,16,16,16,20,1996/1/1,,1914/2/2,Graduate Degree,M,F
511,Takiko,Collins,16,16,16,20,1996/1/1,,1914/2/2,Partial College,S,F
512,Leonard,Smith,16,16,16,20,1996/1/1,,1914/2/2,Bachelors Degree,M,F
513,Lenore,Yasi,16,16,16,20,1996/1/1,,1914/2/2,Bachelors Degree,S,M
514,Lester,Bowman,16,16,16,20,1996/1/1,,1914/2/2,Partial College,S,F
515,Barbara,Germanson,16,16,16,20,1996/1/1,,1914/2/2,High School Degree,S,F
516,Mary,Smith,16,16,16,20,1996/1/1,,1914/2/2,High School Degree,S,M
517,Alice,Serventi,16,16,16,20,1996/1/1,,1914/2/2,High School Degree,M,M
518,Lee,Chapla,17,16,17,4400,1996/1/1,,1914/2/2,Bachelors Degree,M,F
519,DeeDee,Cameron,17,16,17,4800,1996/1/1,,1914/2/2,Bachelors Degree,M,F
520,Jo,Zgeirmann,17,16,17,3700,1996/1/1,,1914/2/2,Partial College,S,M
521,William,Mondragon,17,16,17,6500,1996/1/1,,1914/2/2,Partial High School,S,M
522,Cecil,Allison,17,16,17,5200,1996/1/1,,1914/2/2,Partial College,M,F
523,Nieves,Vargas,17,16,17,4650,1996/1/1,,1914/2/2,High School Degree,S,M
524,Helen,Vlass,17,16,17,4550,1996/1/1,,1914/2/2,Partial High School,M,F
525,Abigail,Gonzalez,17,16,17,4400,1996/1/1,,1914/2/2,Bachelors Degree,M,M
526,Denean,Ison,17,16,17,4700,1996/1/1,,1914/2/2,Graduate Degree,M,F
527,Billy,Trent,17,16,17,4500,1996/1/1,,1914/2/2,High School Degree,M,F
528,Mary,Vaca,17,16,17,4400,1996/1/1,,1914/2/2,Graduate Degree,S,M
529,Kyley,Arbelaez,17,16,17,4600,1996/1/1,,1914/2/2,Bachelors Degree,S,M
530,Michael,Lee,18,16,18,20,1996/1/1,,1914/2/2,High School Degree,M,F
531,Walter,Maes,18,16,18,20,1996/1/1,,1914/2/2,High School Degree,M,M
532,Ramona,Antrim,18,16,18,20,1996/1/1,,1914/2/2,Graduate Degree,S,M
533,Liam,Friedland,18,16,18,20,1996/1/1,,1914/2/2,Graduate Degree,M,M
534,Charles,Strange,18,16,18,20,1996/1/1,,1914/2/2,Partial High School,M,F
535,William,Richter,18,16,18,20,1996/1/1,,1914/2/2,Partial High School,S,M
536,Maxwell,Amland,18,16,18,20,1996/1/1,,1914/2/2,Partial College,S,M
537,Z . T.  Milton,Albury,18,16,18,20,1996/1/1,,1914/2/2,Bachelors Degree,M,M
538,Marie,Richmeier,18,16,18,20,1996/1/1,,1914/2/2,Partial High School,S,M
539,Jodan,Jacobson,18,16,18,20,1996/1/1,,1914/2/2,Partial College,M,F
540,David,Bartness,18,16,18,20,1996/1/1,,1914/2/2,Partial High School,M,M
541,Teanna,Cobb,18,16,18,20,1996/1/1,,1914/2/2,Bachelors Degree,S,M
542,M. E. Joseph,Lique,18,16,18,20,1996/1/1,,1914/2/2,High School Degree,S,M
543,Robert,Bernacchi,18,16,18,20,1996/1/1,,1914/2/2,Bachelors Degree,S,M
544,Patricia,Zubaty,18,16,18,20,1996/1/1,,1914/2/2,Partial College,M,F
545,Matthew,Hunter,12,17,11,13000,1997/1/1,,1932/12/24,Graduate Degree,M,F
546,Florence,Vonholt,13,17,11,8900,1997/1/1,,1961/9/24,Partial High School,M,M
547,Eddie,Holmes,13,17,11,8200,1997/1/1,,1961/9/24,Graduate Degree,M,M
548,Gerald,Drury,13,17,11,7000,1997/1/1,,1961/9/24,Partial College,M,M
549,Kristin,Watts,19,17,19,8500,1997/1/1,,1960/12/10,High School Degree,M,M
550,Carlos,Short,19,17,19,8500,1997/1/1,,1960/12/10,Graduate Degree,S,F
551,Robin,Mc Guigan,14,17,14,9000,1997/1/1,,1942/6/1,High School Degree,M,M
552,Dorothy,Wollesen,15,17,15,7000,1996/1/1,,1914/2/2,Bachelors Degree,M,F
553,Marjorie,Lee,15,17,15,6800,1996/1/1,,1914/2/2,Partial High School,S,F
554,Mary,Gimmi,15,17,15,6700,1996/1/1,,1914/2/2,High School Degree,S,F
555,Milton,Pugh,15,17,15,8200,1996/1/1,,1914/2/2,High School Degree,S,F
556,John,Bennetts,15,17,15,8000,1996/1/1,,1914/2/2,Bachelors Degree,S,M
557,Caroline,Woodard,15,17,15,7000,1996/1/1,,1914/2/2,Bachelors Degree,M,F
558,Tomas,Manzanares,15,17,15,6800,1996/1/1,,1914/2/2,High School Degree,S,F
559,Kayla,Stotler,15,17,15,6700,1996/1/1,,1914/2/2,High School Degree,M,M
560,Elizabeth,Peoples,15,17,15,8200,1996/1/1,,1914/2/2,Partial College,M,M
561,Mike,Choi,15,17,15,7900,1996/1/1,,1914/2/2,Graduate Degree,S,F
562,Mary Lou,Quintana,15,17,15,7000,1996/1/1,,1914/2/2,Bachelors Degree,S,M
563,Christopher,Bright,15,17,15,6800,1996/1/1,,1914/2/2,High School Degree,M,F
564,Scott,Rodgers,15,17,15,6700,1996/1/1,,1914/2/2,Partial College,M,F
565,Janet,Gates,15,17,15,8200,1996/1/1,,1914/2/2,Partial High School,S,M
566,Darren,Watkins,15,17,15,8100,1996/1/1,,1914/2/2,High School Degree,M,M
567,Charles,Christensen,16,17,16,20,1996/1/1,,1914/2/2,Bachelors Degree,M,F
568,Darrell,Banks,16,17,16,20,1996/1/1,,1914/2/2,Bachelors Degree,M,M
569,Carlton,Carlisle,16,17,16,20,1996/1/1,,1914/2/2,Partial College,M,F
570,Abe,Tramel,16,17,16,20,1996/1/1,,1914/2/2,High School Degree,M,M
571,Jose,Curry,16,17,16,20,1996/1/1,,1914/2/2,Bachelors Degree,M,F
572,Betty,Haines,16,17,16,20,1996/1/1,,1914/2/2,Graduate Degree,S,M
573,Deborah,Campbell,16,17,16,20,1996/1/1,,1914/2/2,Bachelors Degree,M,M
574,Catherine,Whitney,16,17,16,20,1996/1/1,,1914/2/2,Partial High School,M,F
575,Neva,Mitchell,16,17,16,20,1996/1/1,,1914/2/2,Bachelors Degree,S,F
576,Cindy,Dodd,16,17,16,20,1996/1/1,,1914/2/2,Bachelors Degree,S,F
577,Stacey,Cereghino,16,17,16,20,1996/1/1,,1914/2/2,Graduate Degree,S,M
578,Helen,Meyer,16,17,16,20,1996/1/1,,1914/2/2,Partial College,S,M
579,Olga,Stevens,16,17,16,20,1996/1/1,,1914/2/2,Bachelors Degree,S,F
580,Joan,Campbell,16,17,16,20,1996/1/1,,1914/2/2,Bachelors Degree,M,M
581,Silvia,Walker,16,17,16,20,1996/1/1,,1914/2/2,Bachelors Degree,S,M
582,Mosha,Pasumansky,16,17,16,20,1996/1/1,,1914/2/2,Graduate Degree,S,M
583,Shawn,Whitney,16,17,16,20,1996/1/1,,1914/2/2,Graduate Degree,S,M
584,Lloyd,Saunders,16,17,16,20,1996/1/1,,1914/2/2,Bachelors Degree,M,M
585,Rose,Vandenouer,17,17,17,4400,1996/1/1,,1914/2/2,High School Degree,S,F
586,Eric,Vincenzi,17,17,17,4800,1996/1/1,,1914/2/2,Graduate Degree,M,F
587,Cheryl,Herring,17,17,17,3700,1996/1/1,,1914/2/2,Partial College,M,M
588,Kathleen,Garza,17,17,17,6500,1996/1/1,,1914/2/2,Partial College,M,M
589,Gail,Westover,17,17,17,4300,1996/1/1,,1914/2/2,Partial College,M,F
590,Matthew,Hagemann,17,17,17,5200,1996/1/1,,1914/2/2,Partial College,S,F
591,Patricia,Vasquez,17,17,17,4650,1996/1/1,,1914/2/2,Bachelors Degree,M,M
592,Lola,McCarthy,17,17,17,4550,1996/1/1,,1914/2/2,Bachelors Degree,S,F
593,Phillip,Bacalzo,17,17,17,4400,1996/1/1,,1914/2/2,Partial College,S,M
594,Marian,Berch,17,17,17,4200,1996/1/1,,1914/2/2,Partial High School,M,F
595,Mike,Taylor,17,17,17,4700,1996/1/1,,1914/2/2,Graduate Degree,M,M
596,Vivian,Whipple,17,17,17,4500,1996/1/1,,1914/2/2,Bachelors Degree,S,M
597,Cecilia,Laursen,17,17,17,4400,1996/1/1,,1914/2/2,Bachelors Degree,S,M
598,Lee,Olguin,17,17,17,4600,1996/1/1,,1914/2/2,Bachelors Degree,S,M
599,Stephen,Ayers,17,17,17,4400,1996/1/1,,1914/2/2,High School Degree,M,F
600,Pamala,Kotc,18,17,18,20,1996/1/1,,1914/2/2,Partial High School,M,F
601,Marlin,Coriell,18,17,18,20,1996/1/1,,1914/2/2,Partial College,S,M
602,Clay,Warthen,18,17,18,20,1996/1/1,,1914/2/2,Partial College,M,F
603,Greg,Johnson,18,17,18,20,1996/1/1,,1914/2/2,Partial High School,S,M
604,George,Huckaby,18,17,18,20,1996/1/1,,1914/2/2,Bachelors Degree,S,F
605,Faith,Gustafson,18,17,18,20,1996/1/1,,1914/2/2,Graduate Degree,M,F
606,Donald,Thompson,18,17,18,20,1996/1/1,,1914/2/2,Bachelors Degree,M,F
607,Valentina,Hendricks,18,17,18,20,1996/1/1,,1914/2/2,Partial College,M,F
608,Mae,Black,18,17,18,20,1996/1/1,,1914/2/2,High School Degree,S,F
609,Carlos,Vansant,18,17,18,20,1996/1/1,,1914/2/2,Partial College,S,M
610,Richard,Bentley,18,17,18,20,1996/1/1,,1914/2/2,Bachelors Degree,M,F
611,Thomas,Ritacco,18,17,18,20,1996/1/1,,1914/2/2,Partial College,M,F
612,Karen,Theisen,18,17,18,20,1996/1/1,,1914/2/2,Partial High School,S,F
613,John,Berger,18,17,18,20,1996/1/1,,1914/2/2,Graduate Degree,S,F
614,Joy,Koski,18,17,18,20,1996/1/1,,1914/2/2,High School Degree,M,M
615,Duane,Fitzgerald,18,17,18,20,1996/1/1,,1914/2/2,Graduate Degree,S,F
616,Lindsey,Camacho,18,17,18,20,1996/1/1,,1914/2/2,Partial College,S,M
617,Selena,Alvarado,18,17,18,20,1996/1/1,,1914/2/2,Partial College,M,F
618,Dick,Brummer,12,22,11,7900,1993/5/1,,1972/5/12,Partial College,M,M
619,Pat,Pinkston,15,22,15,6400,1996/1/1,,1914/2/2,Bachelors Degree,M,M
620,Kristin,Spivey,16,22,16,20,1996/1/1,,1914/2/2,High School Degree,M,M
621,Gregory,Whiting,12,23,11,10000,1993/5/1,,1972/5/12,Partial College,S,M
622,Martha,Espinoza,13,23,11,8900,1997/1/1,,1961/9/24,Bachelors Degree,M,M
623,David,Robinett,15,23,15,6400,1996/1/1,,1914/2/2,Bachelors Degree,S,F
624,Judy,Lundahl,15,23,15,5900,1996/1/1,,1914/2/2,High School Degree,S,F
625,Shawn,Demicell,15,23,15,6200,1996/1/1,,1914/2/2,High School Degree,M,M
626,Linda,Rousey,15,23,15,6100,1996/1/1,,1914/2/2,Graduate Degree,S,F
627,Kathy,Marcovecchio,16,23,16,20,1996/1/1,,1914/2/2,High School Degree,M,F
628,Twanna,Evans,16,23,16,20,1996/1/1,,1914/2/2,Bachelors Degree,M,F
629,Judy,Storjohann,16,23,16,20,1996/1/1,,1914/2/2,High School Degree,M,M
630,Denise,Maccietto,16,23,16,20,1996/1/1,,1914/2/2,Partial College,S,F
631,Deanna,Buskirk,17,23,17,4400,1996/1/1,,1914/2/2,Bachelors Degree,M,F
632,Mary,Kesslep,17,23,17,4800,1996/1/1,,1914/2/2,Graduate Degree,M,M
633,Barbara,Schultz,17,23,17,3700,1996/1/1,,1914/2/2,Bachelors Degree,M,F
634,Kris,Bergin,17,23,17,6500,1996/1/1,,1914/2/2,Partial College,M,M
635,Merrill,Steel,18,23,18,20,1996/1/1,,1914/2/2,High School Degree,S,M
636,Melissa,Marple,18,23,18,20,1996/1/1,,1914/2/2,Partial College,S,M
637,Ann,Evans,18,23,18,20,1996/1/1,,1914/2/2,High School Degree,S,F
638,Shirley,Bruner,18,23,18,20,1996/1/1,,1914/2/2,Bachelors Degree,M,M
639,Michael John,Troyer,12,19,11,13000,1998/1/1,,1932/12/24,Partial High School,S,M
640,Mary,Sandidge,13,19,11,8900,1998/1/1,,1961/9/24,Partial College,M,M
641,Monk,Skonnard,13,19,11,8200,1998/1/1,,1961/9/24,Partial College,M,F
642,Christopher,Beck,13,19,11,7000,1998/1/1,,1961/9/24,Partial High School,M,F
643,Catherine,Abel,19,19,19,8500,1998/1/1,,1960/12/10,Partial College,M,F
644,Emilo,Miller,19,19,19,8500,1998/1/1,,1960/12/10,Partial College,S,F
645,Hazel,Walker,14,19,14,9000,1998/1/1,,1942/6/1,Bachelors Degree,S,M
646,John,Brooks,15,19,15,7000,1998/1/1,,1914/2/2,Graduate Degree,S,M
647,Todd,Logan,15,19,15,6800,1998/1/1,,1914/2/2,Bachelors Degree,S,M
648,Joshua,Several,15,19,15,6700,1998/1/1,,1914/2/2,Graduate Degree,M,M
649,James,Thomas,15,19,15,8200,1998/1/1,,1914/2/2,High School Degree,S,F
650,Robert,Vessa,15,19,15,8000,1998/1/1,,1914/2/2,Bachelors Degree,S,M
651,James,Tran,15,19,15,7000,1998/1/1,,1914/2/2,Partial College,M,M
652,Shelley,Crow,15,19,15,6800,1998/1/1,,1914/2/2,Partial College,S,M
653,Anne,Sims,15,19,15,6700,1998/1/1,,1914/2/2,Partial High School,S,F
654,Clarence,Tatman,15,19,15,8200,1998/1/1,,1914/2/2,Partial High School,M,F
655,Jan,Nelsen,15,19,15,7900,1998/1/1,,1914/2/2,High School Degree,S,F
656,Jeanette,Cole,15,19,15,7000,1998/1/1,,1914/2/2,High School Degree,M,M
657,Phyllis,Huntsman,15,19,15,6800,1998/1/1,,1914/2/2,High School Degree,M,F
658,Hannah,Arakawa,15,19,15,6700,1998/1/1,,1914/2/2,Bachelors Degree,S,M
659,Wathalee,Steuber,15,19,15,8200,1998/1/1,,1914/2/2,Partial College,S,F
660,Pamela,Cox,15,19,15,8100,1998/1/1,,1914/2/2,Partial College,S,F
661,Bronson,Jacobs,16,19,16,20,1998/1/1,,1914/2/2,High School Degree,M,M
662,Rebecca,Barley,16,19,16,20,1998/1/1,,1914/2/2,High School Degree,M,F
663,Emilio,Alvaro,16,19,16,20,1998/1/1,,1914/2/2,High School Degree,M,F
664,Becky,Waters,16,19,16,20,1998/1/1,,1914/2/2,Graduate Degree,M,F
665,A. Joyce,Jarvis,16,19,16,20,1998/1/1,,1914/2/2,Partial High School,S,F
666,Ruby Sue,Styles,16,19,16,20,1998/1/1,,1914/2/2,Partial College,M,F
667,Jeanie,Glenn,16,19,16,20,1998/1/1,,1914/2/2,Graduate Degree,M,M
668,Peggy,Smith,16,19,16,20,1998/1/1,,1914/2/2,Partial College,S,M
669,Tish,Duff,16,19,16,20,1998/1/1,,1914/2/2,Bachelors Degree,M,F
670,Anita,Lucero,16,19,16,20,1998/1/1,,1914/2/2,Partial College,M,F
671,Stephen,Burton,16,19,16,20,1998/1/1,,1914/2/2,Bachelors Degree,S,M
672,Amy,Consentino,16,19,16,20,1998/1/1,,1914/2/2,High School Degree,M,F
673,Helen,Lutes,16,19,16,20,1998/1/1,,1914/2/2,Graduate Degree,M,F
674,Linda,Ecoffey,16,19,16,20,1998/1/1,,1914/2/2,Partial High School,M,M
675,Katherine,Swint,16,19,16,20,1998/1/1,,1914/2/2,Graduate Degree,S,M
676,Dianne,Slattengren,16,19,16,20,1998/1/1,,1914/2/2,Partial College,S,M
677,Ronald,Heymsfield,16,19,16,20,1998/1/1,,1914/2/2,Partial High School,S,M
678,Steven,Whitehead,16,19,16,20,1998/1/1,,1914/2/2,Bachelors Degree,S,M
679,Lisa,Roy,17,19,17,4400,1998/1/1,,1914/2/2,High School Degree,S,M
680,Ingrid,Burkhardt,17,19,17,4800,1998/1/1,,1914/2/2,Bachelors Degree,M,F
681,Todd,Whitney,17,19,17,3700,1998/1/1,,1914/2/2,High School Degree,M,F
682,Barbara,Wisnewski,17,19,17,6500,1998/1/1,,1914/2/2,High School Degree,S,F
683,Karren,Burkhardt,17,19,17,4300,1998/1/1,,1914/2/2,High School Degree,S,F
684,Stacie,Mcanich,17,19,17,5200,1998/1/1,,1914/2/2,Bachelors Degree,S,M
685,Mary,Browning,17,19,17,4650,1998/1/1,,1914/2/2,Graduate Degree,M,F
686,Alexandra,Wellington,17,19,17,4550,1998/1/1,,1914/2/2,Partial College,S,F
687,Cory,Bacugalupi,17,19,17,4400,1998/1/1,,1914/2/2,High School Degree,S,M
688,Stacy,Rizzi,17,19,17,4200,1998/1/1,,1914/2/2,Partial College,M,M
689,William,Sotelo,17,19,17,4700,1998/1/1,,1914/2/2,Bachelors Degree,M,M
690,Beth,Stanley,17,19,17,4500,1998/1/1,,1914/2/2,Bachelors Degree,M,F
691,Jill,Markwood,17,19,17,4400,1998/1/1,,1914/2/2,Partial College,M,F
692,Mildred,Valentine,17,19,17,4600,1998/1/1,,1914/2/2,Bachelors Degree,M,F
693,Suzann,Reams,17,19,17,4400,1998/1/1,,1914/2/2,High School Degree,S,M
694,John,Long,18,19,18,20,1998/1/1,,1914/2/2,Partial College,M,M
695,Edwin,Olenzek,18,19,18,20,1998/1/1,,1914/2/2,Bachelors Degree,M,F
696,Jessie,Valerio,18,19,18,20,1998/1/1,,1914/2/2,Partial High School,M,M
697,Robert,Ahlering,18,19,18,20,1998/1/1,,1914/2/2,Bachelors Degree,M,F
698,Megan,Burke,18,19,18,20,1998/1/1,,1914/2/2,Partial College,M,M
699,Karel,Bates,18,19,18,20,1998/1/1,,1914/2/2,Partial College,S,F
700,Mike,White,18,19,18,20,1998/1/1,,1914/2/2,High School Degree,M,F
701,Marty,Simpson,18,19,18,20,1998/1/1,,1914/2/2,High School Degree,M,M
702,Robert,Jones,18,19,18,20,1998/1/1,,1914/2/2,High School Degree,S,M
703,Raul,Casts,18,19,18,20,1998/1/1,,1914/2/2,Graduate Degree,M,M
704,Bridget,Browqett,18,19,18,20,1998/1/1,,1914/2/2,Partial High School,S,M
705,Kay,Kartz,18,19,18,20,1998/1/1,,1914/2/2,Partial High School,M,F
706,Audrey,Wold,18,19,18,20,1998/1/1,,1914/2/2,Bachelors Degree,S,M
707,Susan,French,18,19,18,20,1998/1/1,,1914/2/2,Partial High School,M,F
708,Trish,Pederson,18,19,18,20,1998/1/1,,1914/2/2,High School Degree,S,M
709,Eric,Renn,18,19,18,20,1998/1/1,,1914/2/2,Partial College,M,F
710,Elizabeth,Catalano,18,19,18,20,1998/1/1,,1914/2/2,Partial College,S,F
711,Eric,Coleman,18,19,18,20,1998/1/1,,1914/2/2,Partial College,M,F
712,Lawrence,Hurkett,12,20,11,10000,1998/1/1,,1972/5/12,Partial College,S,F
713,Sara,Pettengill,13,20,11,8900,1998/1/1,,1961/9/24,Graduate Degree,M,M
714,Jauna,Elson,15,20,15,6400,1998/1/1,,1914/2/2,Partial College,M,M
715,Nancy,Hirota,15,20,15,5900,1998/1/1,,1914/2/2,High School Degree,M,M
716,Linda,Blasingame,15,20,15,6200,1998/1/1,,1914/2/2,High School Degree,M,M
717,Jackie,Blackwell,15,20,15,6100,1998/1/1,,1914/2/2,Bachelors Degree,S,M
718,Marie,Moya,16,20,16,20,1998/1/1,,1914/2/2,High School Degree,M,F
719,Nicky,Chesnut,16,20,16,20,1998/1/1,,1914/2/2,Partial College,S,F
720,John,Ortiz,16,20,16,20,1998/1/1,,1914/2/2,High School Degree,S,F
721,Stacey,Tearpak,16,20,16,20,1998/1/1,,1914/2/2,Partial High School,M,F
722,Karen,Hall,17,20,17,4400,1998/1/1,,1914/2/2,Partial College,S,M
723,Greg,Narberes,17,20,17,4800,1998/1/1,,1914/2/2,Partial College,S,F
724,Fannye,Weber,17,20,17,3700,1998/1/1,,1914/2/2,Partial College,S,F
725,Diane,Kabbes,17,20,17,6500,1998/1/1,,1914/2/2,Partial College,M,M
726,Anna,Townsend,18,20,18,20,1998/1/1,,1914/2/2,Partial College,M,F
727,Carol Ann,Rockne,18,20,18,20,1998/1/1,,1914/2/2,Partial High School,S,F
728,Brenda,Heaney,18,20,18,20,1998/1/1,,1914/2/2,Bachelors Degree,S,F
729,Judith,Karavites,18,20,18,20,1998/1/1,,1914/2/2,Graduate Degree,M,F
730,Donna,Carreras,12,9,11,10000,1998/1/1,,1972/5/12,High School Degree,S,F
731,Gladys,Mendiola,13,9,11,8900,1998/1/1,,1961/9/24,Partial College,M,F
732,David,Trolen,15,9,15,6400,1998/1/1,,1914/2/2,Partial College,M,M
733,Wanda,Vernon,15,9,15,5900,1998/1/1,,1914/2/2,Bachelors Degree,S,M
734,Sharon,Lynn,15,9,15,6200,1998/1/1,,1914/2/2,High School Degree,S,M
735,Brigid,Cavendish,15,9,15,6100,1998/1/1,,1914/2/2,Partial College,S,M
736,Alberto,Baltazar,16,9,16,20,1998/1/1,,1914/2/2,Partial High School,S,M
737,Onetha,Higgs,16,9,16,20,1998/1/1,,1914/2/2,Graduate Degree,S,F
738,Della,Demott Jr,16,9,16,20,1998/1/1,,1914/2/2,High School Degree,M,M
739,Jane,Carmichael,16,9,16,20,1998/1/1,,1914/2/2,Graduate Degree,S,M
740,Hillaine,Montera,17,9,17,4400,1998/1/1,,1914/2/2,High School Degree,S,M
741,Gina,Ciochon,17,9,17,4800,1998/1/1,,1914/2/2,High School Degree,S,M
742,Mae,Anderson,17,9,17,3700,1998/1/1,,1914/2/2,Bachelors Degree,S,F
743,Marvin,Allen,17,9,17,6500,1998/1/1,,1914/2/2,High School Degree,S,M
744,Chris,Bidelman,18,9,18,20,1998/1/1,,1914/2/2,Bachelors Degree,S,F
745,Orlando,Gee,18,9,18,20,1998/1/1,,1914/2/2,Partial College,M,F
746,Sara,Breer,18,9,18,20,1998/1/1,,1914/2/2,Bachelors Degree,M,M
747,Norma,Barrera,18,9,18,20,1998/1/1,,1914/2/2,Graduate Degree,M,M
748,Wayne,Banack,12,21,11,13000,1998/1/1,,1932/12/24,High School Degree,M,F
749,Jacob,Dean,13,21,11,8900,1998/1/1,,1961/9/24,High School Degree,S,M
750,Kendra,Thompson,13,21,11,8200,1998/1/1,,1961/9/24,Partial High School,M,M
751,Liza Marie,Stevens,13,21,11,7000,1998/1/1,,1961/9/24,Bachelors Degree,S,F
752,Megan,Davis,19,21,19,8500,1998/1/1,,1960/12/10,Partial High School,S,F
753,Kerry,Westgaard,19,21,19,8500,1998/1/1,,1960/12/10,Partial College,S,F
754,Samuel,Agcaoili,14,21,14,9000,1998/1/1,,1942/6/1,High School Degree,S,F
755,Deanna,Sabella,15,21,15,7000,1998/1/1,,1914/2/2,Partial High School,S,F
756,Kara,Vanderlinden,15,21,15,6800,1998/1/1,,1914/2/2,High School Degree,M,M
757,Keith,Virden,15,21,15,6700,1998/1/1,,1914/2/2,Bachelors Degree,S,M
758,Sylvia,Spencer,15,21,15,8200,1998/1/1,,1914/2/2,High School Degree,M,M
759,Joseph,Castellucio,15,21,15,8000,1998/1/1,,1914/2/2,Partial College,M,F
760,Judy,Zugelder,15,21,15,7000,1998/1/1,,1914/2/2,Graduate Degree,S,F
761,Kimberly,Malmendier,15,21,15,6800,1998/1/1,,1914/2/2,High School Degree,M,F
762,Geri,Farrell,15,21,15,6700,1998/1/1,,1914/2/2,High School Degree,S,M
763,John,Ault,15,21,15,8200,1998/1/1,,1914/2/2,High School Degree,S,F
764,Fran,Highfill,15,21,15,7900,1998/1/1,,1914/2/2,High School Degree,M,M
765,Julie,Waggoner,15,21,15,7000,1998/1/1,,1914/2/2,High School Degree,S,F
766,Julie,Estes,15,21,15,6800,1998/1/1,,1914/2/2,Bachelors Degree,M,M
767,Vivian,Jarmillo,15,21,15,6700,1998/1/1,,1914/2/2,High School Degree,M,F
768,Joan,Steele,15,21,15,8200,1998/1/1,,1914/2/2,High School Degree,M,M
769,Daniel,Thompson,15,21,15,8100,1998/1/1,,1914/2/2,Partial College,S,F
770,Curtis,Howard,16,21,16,20,1998/1/1,,1914/2/2,High School Degree,M,F
771,Shannon,Elliott,16,21,16,20,1998/1/1,,1914/2/2,Partial College,M,M
772,Andrew,Kobylinski,16,21,16,20,1998/1/1,,1914/2/2,High School Degree,M,F
773,Dora,Verdad,16,21,16,20,1998/1/1,,1914/2/2,Partial College,M,M
774,Dave,Browning,16,21,16,20,1998/1/1,,1914/2/2,Graduate Degree,M,M
775,Robert,Lyeba,16,21,16,20,1998/1/1,,1914/2/2,Partial High School,S,M
776,Jean,Handley,16,21,16,20,1998/1/1,,1914/2/2,Graduate Degree,M,F
777,Gary,Meyerhoff,16,21,16,20,1998/1/1,,1914/2/2,Partial College,M,F
778,Shane,Vigil,16,21,16,20,1998/1/1,,1914/2/2,Partial High School,S,M
779,Dominic,Gash,16,21,16,20,1998/1/1,,1914/2/2,Partial College,M,F
780,Jane,Greer,16,21,16,20,1998/1/1,,1914/2/2,Partial College,S,M
781,Payton,Benson,16,21,16,20,1998/1/1,,1914/2/2,High School Degree,S,F
782,Joseph,Mitzner,16,21,16,20,1998/1/1,,1914/2/2,Partial College,S,M
783,Willie,Brooks,16,21,16,20,1998/1/1,,1914/2/2,Partial High School,S,M
784,Ann,Hass,16,21,16,20,1998/1/1,,1914/2/2,Graduate Degree,S,F
785,Amir,Netz,16,21,16,20,1998/1/1,,1914/2/2,Graduate Degree,M,M
786,Geneva,Hill,16,21,16,20,1998/1/1,,1914/2/2,High School Degree,M,F
787,Gary,Drury,16,21,16,20,1998/1/1,,1914/2/2,High School Degree,M,M
788,Vincent,White,17,21,17,4400,1998/1/1,,1914/2/2,Graduate Degree,S,M
789,Sandra,Kahl,17,21,17,4800,1998/1/1,,1914/2/2,Partial High School,S,F
790,James,Aguilar,17,21,17,3700,1998/1/1,,1914/2/2,Bachelors Degree,S,M
791,Gregory,Vanderbout,17,21,17,6500,1998/1/1,,1914/2/2,Bachelors Degree,M,M
792,Filomena,Visser,17,21,17,4300,1998/1/1,,1914/2/2,Partial College,S,M
793,Thomas,Sanchez,17,21,17,5200,1998/1/1,,1914/2/2,Bachelors Degree,M,M
794,Geraldine,Spicer,17,21,17,4650,1998/1/1,,1914/2/2,Graduate Degree,S,M
795,Nellie,Medina,17,21,17,4550,1998/1/1,,1914/2/2,Partial College,S,F
796,Richard,Young,17,21,17,4400,1998/1/1,,1914/2/2,Partial High School,M,M
797,Margaret,Krupka,17,21,17,4200,1998/1/1,,1914/2/2,Partial College,S,M
798,Edward,Buensalido,17,21,17,4700,1998/1/1,,1914/2/2,High School Degree,S,M
799,John,Donovan,17,21,17,4500,1998/1/1,,1914/2/2,High School Degree,M,M
800,Roberto,Smith,17,21,17,4400,1998/1/1,,1914/2/2,Graduate Degree,S,M
801,Josef,Gentile,17,21,17,4600,1998/1/1,,1914/2/2,Partial College,S,M
802,Sarah,Tancredy,17,21,17,4400,1998/1/1,,1914/2/2,Partial College,S,M
803,Shelly,Wilson,18,21,18,20,1998/1/1,,1914/2/2,High School Degree,M,F
804,Sean,Leri,18,21,18,20,1998/1/1,,1914/2/2,Graduate Degree,S,F
805,Mike,Carr,18,21,18,20,1998/1/1,,1914/2/2,Bachelors Degree,S,F
806,Steven,Zobairi,18,21,18,20,1998/1/1,,1914/2/2,Partial College,M,M
807,Aaron,Zimmerman,18,21,18,20,1998/1/1,,1914/2/2,Bachelors Degree,S,F
808,John,Sherfy,18,21,18,20,1998/1/1,,1914/2/2,High School Degree,S,M
809,Albert,Behnke,18,21,18,20,1998/1/1,,1914/2/2,High School Degree,S,M
810,Taylor,Tu,18,21,18,20,1998/1/1,,1914/2/2,High School Degree,M,F
811,W.,Harris,18,21,18,20,1998/1/1,,1914/2/2,Partial High School,S,M
812,Cheryl,Faubert,18,21,18,20,1998/1/1,,1914/2/2,High School Degree,M,F
813,Margurite,Bonilla,18,21,18,20,1998/1/1,,1914/2/2,Partial College,S,F
814,Mary,Hirschboeck,18,21,18,20,1998/1/1,,1914/2/2,Graduate Degree,S,M
815,Jason,VanHarn,18,21,18,20,1998/1/1,,1914/2/2,Bachelors Degree,M,F
816,Joyce,Steffen,18,21,18,20,1998/1/1,,1914/2/2,High School Degree,S,F
817,Carol,Flynn,18,21,18,20,1998/1/1,,1914/2/2,Partial College,S,F
818,Ellis,Richardson,18,21,18,20,1998/1/1,,1914/2/2,Partial College,S,F
819,James,Brew,18,21,18,20,1998/1/1,,1914/2/2,Graduate Degree,S,M
820,Nadine,Cook,18,21,18,20,1998/1/1,,1914/2/2,Graduate Degree,S,M
821,James,Thompson,12,1,11,13000,1998/1/1,,1932/12/24,Partial College,M,F
822,Rodney,Gentry,13,1,11,8900,1998/1/1,,1961/9/24,Bachelors Degree,S,F
823,Lillian,Heckman,13,1,11,8200,1998/1/1,,1961/9/24,Partial High School,S,M
824,Donald,Reasoner,13,1,11,7000,1998/1/1,,1961/9/24,High School Degree,S,F
825,Melissa,Wheeler,19,1,19,8500,1998/1/1,,1960/12/10,Graduate Degree,M,M
826,Samantha,Weller,19,1,19,8500,1998/1/1,,1960/12/10,Bachelors Degree,M,F
827,Ian,Bloomberg,14,1,14,9000,1998/1/1,,1942/6/1,Partial College,M,M
828,Merav,Netz,15,1,15,7000,1998/1/1,,1914/2/2,Graduate Degree,M,F
829,Maria,Green,15,1,15,6800,1998/1/1,,1914/2/2,High School Degree,S,F
830,Virginia,Bobbitt,15,1,15,6700,1998/1/1,,1914/2/2,Partial College,S,M
831,Stanley,Boston,15,1,15,8200,1998/1/1,,1914/2/2,High School Degree,M,M
832,Matthew,Barry,15,1,15,7000,1998/1/1,,1914/2/2,High School Degree,S,M
833,Scott,Chang,15,1,15,6800,1998/1/1,,1914/2/2,High School Degree,M,F
834,Melvin,Carreras,15,1,15,6700,1998/1/1,,1914/2/2,Bachelors Degree,M,M
835,Karlyn,Burtis,15,1,15,8200,1998/1/1,,1914/2/2,High School Degree,M,M
836,Daniel,Sanders,15,1,15,7000,1998/1/1,,1914/2/2,High School Degree,S,M
837,Concetta,Steinberg,15,1,15,6800,1998/1/1,,1914/2/2,Partial College,M,F
838,William,Viellieux,15,1,15,6700,1998/1/1,,1914/2/2,Bachelors Degree,S,F
839,Ted,Baugh,15,1,15,8200,1998/1/1,,1914/2/2,Bachelors Degree,M,F
840,Josh,Mullins,16,1,16,20,1998/1/1,,1914/2/2,Partial College,S,M
841,Catherine,Maes,16,1,16,20,1998/1/1,,1914/2/2,Bachelors Degree,S,M
842,Renee,Trujillo,16,1,16,20,1998/1/1,,1914/2/2,Bachelors Degree,M,F
843,Isabel,Barrington,16,1,16,20,1998/1/1,,1914/2/2,High School Degree,S,M
844,Donna,Zuluaga,16,1,16,20,1998/1/1,,1914/2/2,Partial High School,M,F
845,Parker,Abo,16,1,16,20,1998/1/1,,1914/2/2,Bachelors Degree,M,M
846,Jacob,Azzolino,16,1,16,20,1998/1/1,,1914/2/2,Bachelors Degree,M,F
847,Grant,Archuleta,16,1,16,20,1998/1/1,,1914/2/2,Graduate Degree,M,F
848,Melvin,Campos,16,1,16,20,1998/1/1,,1914/2/2,High School Degree,S,M
849,Gary,Unfried,16,1,16,20,1998/1/1,,1914/2/2,Graduate Degree,M,F
850,Roberta,Bozeman,16,1,16,20,1998/1/1,,1914/2/2,Partial College,S,M
851,Jeremy,Kassab,16,1,16,20,1998/1/1,,1914/2/2,High School Degree,M,M
852,Phyllis,Enlow,16,1,16,20,1998/1/1,,1914/2/2,High School Degree,S,F
853,Gene,Lee,16,1,16,20,1998/1/1,,1914/2/2,High School Degree,M,F
854,Linda,Skapinok,16,1,16,20,1998/1/1,,1914/2/2,Partial High School,M,F
855,Maria,Marsden,17,1,17,4400,1998/1/1,,1914/2/2,Bachelors Degree,S,M
856,Jeffrey,Campbell,17,1,17,4800,1998/1/1,,1914/2/2,Partial College,S,M
857,Leonardo,Roberts,17,1,17,3700,1998/1/1,,1914/2/2,High School Degree,S,M
858,Kathy,Larkin,17,1,17,6500,1998/1/1,,1914/2/2,Partial College,M,F
859,Joan,Bitler,17,1,17,5200,1998/1/1,,1914/2/2,Graduate Degree,S,M
860,Jim,Allen,17,1,17,4650,1998/1/1,,1914/2/2,Partial College,S,F
861,Ella,Worth,17,1,17,4550,1998/1/1,,1914/2/2,Bachelors Degree,M,F
862,Ivan,Mauro,17,1,17,4400,1998/1/1,,1914/2/2,Bachelors Degree,M,F
863,Sharon,Stroh,17,1,17,4700,1998/1/1,,1914/2/2,Bachelors Degree,M,M
864,Karen,Theriault,17,1,17,4500,1998/1/1,,1914/2/2,Partial College,M,F
865,Julia,Ketterman,17,1,17,4400,1998/1/1,,1914/2/2,Graduate Degree,M,F
866,Rose,Beavers,17,1,17,4600,1998/1/1,,1914/2/2,Partial High School,M,M
867,John,Dephillipo,18,1,18,20,1998/1/1,,1914/2/2,Graduate Degree,S,M
868,Nellie,Orando,18,1,18,20,1998/1/1,,1914/2/2,Partial College,M,M
869,Norman,Troxell,18,1,18,20,1998/1/1,,1914/2/2,High School Degree,M,M
870,Patrick,Gabbard,18,1,18,20,1998/1/1,,1914/2/2,Bachelors Degree,S,F
871,Ted,Lebaron,18,1,18,20,1998/1/1,,1914/2/2,High School Degree,M,M
872,Medra,Hill,18,1,18,20,1998/1/1,,1914/2/2,Bachelors Degree,M,F
873,Michael,Butcher,18,1,18,20,1998/1/1,,1914/2/2,Bachelors Degree,M,F
874,Amy,Taurman,18,1,18,20,1998/1/1,,1914/2/2,Bachelors Degree,M,M
875,Lillie,Rachak,18,1,18,20,1998/1/1,,1914/2/2,Bachelors Degree,M,M
876,Loy,Caro,18,1,18,20,1998/1/1,,1914/2/2,Bachelors Degree,S,M
877,Beverly,Robertson,18,1,18,20,1998/1/1,,1914/2/2,Partial High School,M,M
878,Margaret,Potter,18,1,18,20,1998/1/1,,1914/2/2,Partial College,S,F
879,Maya,Holmes,18,1,18,20,1998/1/1,,1914/2/2,Partial College,S,M
880,Ryan,Crouch,18,1,18,20,1998/1/1,,1914/2/2,Bachelors Degree,S,M
881,Jason,Henderson,18,1,18,20,1998/1/1,,1914/2/2,Graduate Degree,M,M
882,Leda,Witte,12,5,11,7900,1998/1/1,,1972/5/12,Partial High School,M,M
883,Harold,Bauer,15,5,15,6400,1998/1/1,,1914/2/2,Partial College,M,M
884,Joseph,Thompson,16,5,16,20,1998/1/1,,1914/2/2,Bachelors Degree,M,F
885,Roberta,Sturgel,12,10,11,13000,1998/1/1,,1932/12/24,Partial High School,S,M
886,Norman,Gambao,13,10,11,8900,1998/1/1,,1961/9/24,Partial College,M,M
887,Dorothy,Snow,13,10,11,8200,1998/1/1,,1961/9/24,Bachelors Degree,M,F
888,Julia,Vaughn,13,10,11,7000,1998/1/1,,1961/9/24,Bachelors Degree,M,M
889,Jack,Baccus,19,10,19,8500,1998/1/1,,1960/12/10,Partial College,M,F
890,Christopher,Smith,19,10,19,8500,1998/1/1,,1960/12/10,High School Degree,M,M
891,Josephine Joanne A,Potter,14,10,14,9000,1998/1/1,,1942/6/1,High School Degree,S,F
892,Lisa,Gerber,15,10,15,7000,1998/1/1,,1914/2/2,Partial College,M,F
893,Deanne,Vanderslice,15,10,15,6800,1998/1/1,,1914/2/2,High School Degree,S,F
894,Kathy,Wood,15,10,15,6700,1998/1/1,,1914/2/2,Partial High School,M,M
895,Howard,Bostwick,15,10,15,8200,1998/1/1,,1914/2/2,Partial College,S,F
896,Lavona,Corcoran,15,10,15,7000,1998/1/1,,1914/2/2,Bachelors Degree,S,F
897,Dixie,Good,15,10,15,6800,1998/1/1,,1914/2/2,Bachelors Degree,S,M
898,Andrew,Grosvenor,15,10,15,6700,1998/1/1,,1914/2/2,Partial College,M,F
899,Nancy,Smrha,15,10,15,8200,1998/1/1,,1914/2/2,Bachelors Degree,S,M
900,Robert,Wright,15,10,15,7000,1998/1/1,,1914/2/2,Bachelors Degree,M,F
901,Kenneth,Kalman,15,10,15,6800,1998/1/1,,1914/2/2,Partial High School,S,M
902,Greg,Ponce,15,10,15,6700,1998/1/1,,1914/2/2,Partial High School,M,M
903,Chad,Borrelli,15,10,15,8200,1998/1/1,,1914/2/2,Partial High School,S,M
904,Eddie,Gillmore,16,10,16,20,1998/1/1,,1914/2/2,Partial High School,M,M
905,Hazel,Mixon,16,10,16,20,1998/1/1,,1914/2/2,Partial College,M,M
906,John,Tommerup,16,10,16,20,1998/1/1,,1914/2/2,Graduate Degree,S,M
907,Emilio,Martinez,16,10,16,20,1998/1/1,,1914/2/2,Bachelors Degree,M,F
908,Michael,Glancy,16,10,16,20,1998/1/1,,1914/2/2,Bachelors Degree,S,F
909,M.,Cappa,16,10,16,20,1998/1/1,,1914/2/2,High School Degree,S,F
910,Jonathan,Netz,16,10,16,20,1998/1/1,,1914/2/2,Graduate Degree,S,M
911,Teresa,Blanc,16,10,16,20,1998/1/1,,1914/2/2,Partial College,S,M
912,William,Collins,16,10,16,20,1998/1/1,,1914/2/2,High School Degree,M,F
913,Lou,Scroggins,16,10,16,20,1998/1/1,,1914/2/2,Partial College,S,M
914,Hazel,Marsh,16,10,16,20,1998/1/1,,1914/2/2,Partial High School,M,F
915,Mildred,Robinson,16,10,16,20,1998/1/1,,1914/2/2,Graduate Degree,M,M
916,Susan,Cox,16,10,16,20,1998/1/1,,1914/2/2,Bachelors Degree,M,M
917,Janine,Clare,16,10,16,20,1998/1/1,,1914/2/2,Bachelors Degree,S,M
918,James,Barnurn,16,10,16,20,1998/1/1,,1914/2/2,Bachelors Degree,M,M
919,Dorothy,Chrisman,17,10,17,4400,1998/1/1,,1914/2/2,Partial College,M,M
920,Walter,Taryle,17,10,17,4800,1998/1/1,,1914/2/2,High School Degree,S,F
921,Herve,Spencer,17,10,17,3700,1998/1/1,,1914/2/2,High School Degree,M,M
922,Christopher,Tribble,17,10,17,6500,1998/1/1,,1914/2/2,High School Degree,S,M
923,Nick,Skapinok,17,10,17,5200,1998/1/1,,1914/2/2,Partial College,S,F
924,Janice,Belleci,17,10,17,4650,1998/1/1,,1914/2/2,High School Degree,M,M
925,Ila,Armstrong,17,10,17,4550,1998/1/1,,1914/2/2,Partial College,S,M
926,Millard,Koeber,17,10,17,4400,1998/1/1,,1914/2/2,High School Degree,S,F
927,Jacquelyn,Wagner,17,10,17,4700,1998/1/1,,1914/2/2,Partial College,S,M
928,Rosalina,Noice,17,10,17,4500,1998/1/1,,1914/2/2,Bachelors Degree,S,F
929,Sharon,Lindall,17,10,17,4400,1998/1/1,,1914/2/2,Partial College,S,M
930,Charles,Noakes,17,10,17,4600,1998/1/1,,1914/2/2,Bachelors Degree,S,F
931,Susan,Mc Nair,18,10,18,20,1998/1/1,,1914/2/2,Bachelors Degree,M,F
932,Wilfred,Ceballos,18,10,18,20,1998/1/1,,1914/2/2,High School Degree,S,F
933,Georgia,Landrum,18,10,18,20,1998/1/1,,1914/2/2,Graduate Degree,S,M
934,Niki,Netz,18,10,18,20,1998/1/1,,1914/2/2,Graduate Degree,S,F
935,Carol,Amyotte,18,10,18,20,1998/1/1,,1914/2/2,High School Degree,S,F
936,Brian,Watson,18,10,18,20,1998/1/1,,1914/2/2,Bachelors Degree,M,F
937,Mary,Waddle,18,10,18,20,1998/1/1,,1914/2/2,Bachelors Degree,M,F
938,Alice,Shintani,18,10,18,20,1998/1/1,,1914/2/2,Partial College,M,M
939,Prudence,Chavez,18,10,18,20,1998/1/1,,1914/2/2,Bachelors Degree,M,M
940,John,Wilson,18,10,18,20,1998/1/1,,1914/2/2,High School Degree,M,F
941,William,Gill,18,10,18,20,1998/1/1,,1914/2/2,High School Degree,S,M
942,Beverly,Smallwood,18,10,18,20,1998/1/1,,1914/2/2,Bachelors Degree,M,M
943,David,Chavez,18,10,18,20,1998/1/1,,1914/2/2,Bachelors Degree,S,F
944,Deborah,Blackburn,18,10,18,20,1998/1/1,,1914/2/2,Graduate Degree,S,F
945,Donald,Abston,18,10,18,20,1998/1/1,,1914/2/2,High School Degree,M,M
946,J. Scott,Blauvelt,12,8,11,13000,1998/1/1,,1932/12/24,High School Degree,M,M
947,Curtis,Wardley,13,8,11,8900,1998/1/1,,1961/9/24,Graduate Degree,S,M
948,Matthew,Durocher,13,8,11,8200,1998/1/1,,1961/9/24,High School Degree,S,M
949,Hazel,Terbush,13,8,11,7000,1998/1/1,,1961/9/24,Bachelors Degree,M,F
950,Arturo,Poisson,19,8,19,8500,1998/1/1,,1960/12/10,Partial College,M,M
951,Shaharia,Cosby,19,8,19,8500,1998/1/1,,1960/12/10,Partial College,M,F
952,Amir,Oss,14,8,14,9000,1998/1/1,,1942/6/1,Graduate Degree,M,M
953,John,Smith,15,8,15,7000,1998/1/1,,1914/2/2,Bachelors Degree,M,F
954,Christel,Christensen,15,8,15,6800,1998/1/1,,1914/2/2,Partial College,M,M
955,Valerie,Pectol,15,8,15,6700,1998/1/1,,1914/2/2,High School Degree,S,F
956,Cornelius,Baker,15,8,15,8200,1998/1/1,,1914/2/2,Partial College,S,M
957,Fay,Finke,15,8,15,8000,1998/1/1,,1914/2/2,Partial College,S,F
958,Allison,Beutel,15,8,15,7000,1998/1/1,,1914/2/2,Partial College,M,M
959,Ann,Duvalle,15,8,15,6800,1998/1/1,,1914/2/2,Bachelors Degree,M,M
960,Kari,Sloper,15,8,15,6700,1998/1/1,,1914/2/2,Graduate Degree,S,F
961,Patricia,Weinzimmer,15,8,15,8200,1998/1/1,,1914/2/2,Graduate Degree,M,M
962,Raven,Moore,15,8,15,7900,1998/1/1,,1914/2/2,Bachelors Degree,S,M
963,Susan,Chaw,15,8,15,7000,1998/1/1,,1914/2/2,Graduate Degree,M,F
964,Steve,Reitzel,15,8,15,6800,1998/1/1,,1914/2/2,High School Degree,S,M
965,Edie,Horbach,15,8,15,6700,1998/1/1,,1914/2/2,Partial College,M,F
966,Lois,Knobel,15,8,15,8200,1998/1/1,,1914/2/2,Partial College,M,F
967,Rachel,Hope,15,8,15,8100,1998/1/1,,1914/2/2,Partial College,M,F
968,Pete,Fisher,16,8,16,20,1998/1/1,,1914/2/2,Graduate Degree,S,F
969,Ida,Dabit,16,8,16,20,1998/1/1,,1914/2/2,High School Degree,S,F
970,Shawn,Turner,16,8,16,20,1998/1/1,,1914/2/2,Graduate Degree,S,F
971,Mike,Clark,16,8,16,20,1998/1/1,,1914/2/2,Bachelors Degree,S,F
972,Arlene,Schimanski,16,8,16,20,1998/1/1,,1914/2/2,Partial College,S,M
973,Carolyn,Alumbaugh,16,8,16,20,1998/1/1,,1914/2/2,High School Degree,M,F
974,Michael,Benson,16,8,16,20,1998/1/1,,1914/2/2,High School Degree,S,F
975,Ted,Rusch,16,8,16,20,1998/1/1,,1914/2/2,Partial College,S,F
976,David,Cocadiz,16,8,16,20,1998/1/1,,1914/2/2,High School Degree,S,F
977,Lorraine,Mcgough,16,8,16,20,1998/1/1,,1914/2/2,Graduate Degree,M,F
978,Bennie,King,16,8,16,20,1998/1/1,,1914/2/2,Partial College,S,M
979,Melissa,Smith,16,8,16,20,1998/1/1,,1914/2/2,Partial College,M,F
980,M. Patricia,Campbell,16,8,16,20,1998/1/1,,1914/2/2,Partial College,S,F
981,Selene,Watson,16,8,16,20,1998/1/1,,1914/2/2,High School Degree,M,M
982,Linda,Anderson,16,8,16,20,1998/1/1,,1914/2/2,High School Degree,M,F
983,Elisabeth,Duncan,16,8,16,20,1998/1/1,,1914/2/2,Graduate Degree,S,F
984,French,Wilson,16,8,16,20,1998/1/1,,1914/2/2,Bachelors Degree,S,M
985,Mildred,Morrow,16,8,16,20,1998/1/1,,1914/2/2,Bachelors Degree,M,F
986,Maeve,Wall,17,8,17,4400,1998/1/1,,1914/2/2,High School Degree,S,F
987,Margaret,Clendenen,17,8,17,4800,1998/1/1,,1914/2/2,Graduate Degree,S,M
988,Brian,Willeford,17,8,17,3700,1998/1/1,,1914/2/2,Bachelors Degree,S,F
989,Dominick,Nutter,17,8,17,6500,1998/1/1,,1914/2/2,Partial High School,M,F
990,Stacey,Case,17,8,17,4300,1998/1/1,,1914/2/2,Bachelors Degree,M,F
991,Maria,Terry,17,8,17,5200,1998/1/1,,1914/2/2,Partial High School,M,F
992,Claudette,Cabrera,17,8,17,4650,1998/1/1,,1914/2/2,Partial College,M,F
993,Ethan,Bunosky,17,8,17,4550,1998/1/1,,1914/2/2,High School Degree,M,M
994,Richard,Burke,17,8,17,4400,1998/1/1,,1914/2/2,Partial College,M,M
995,Carol,Lindsay,17,8,17,4200,1998/1/1,,1914/2/2,High School Degree,M,M
996,William,Murphy,17,8,17,4700,1998/1/1,,1914/2/2,Bachelors Degree,M,M
997,John,Sweet,17,8,17,4500,1998/1/1,,1914/2/2,Partial College,M,F
998,Elizabeth,Jantzer,17,8,17,4400,1998/1/1,,1914/2/2,High School Degree,M,F
999,Beverly,Dittmar,17,8,17,4600,1998/1/1,,1914/2/2,Partial College,M,M
1000,Miggs,Gutirrez,17,8,17,4400,1998/1/1,,1914/2/2,High School Degree,M,M
1001,Joan,Carol,18,8,18,20,1998/1/1,,1914/2/2,Graduate Degree,S,M
1002,Ida,Holmes,18,8,18,20,1998/1/1,,1914/2/2,High School Degree,S,F
1003,Lillian,Chandler,18,8,18,20,1998/1/1,,1914/2/2,Bachelors Degree,M,M
1004,Marylou,Burkett,18,8,18,20,1998/1/1,,1914/2/2,Partial High School,M,F
1005,Melvin,Drake,18,8,18,20,1998/1/1,,1914/2/2,High School Degree,S,M
1006,Natalie,Barber,18,8,18,20,1998/1/1,,1914/2/2,Bachelors Degree,M,M
1007,Eunice,Richendollar,18,8,18,20,1998/1/1,,1914/2/2,Partial College,S,F
1008,Judy,Caravello,18,8,18,20,1998/1/1,,1914/2/2,Graduate Degree,S,F
1009,Marilyn,Paulson,18,8,18,20,1998/1/1,,1914/2/2,High School Degree,S,F
1010,James,Trujillo,18,8,18,20,1998/1/1,,1914/2/2,High School Degree,S,M
1011,M.,Barajas,18,8,18,20,1998/1/1,,1914/2/2,Bachelors Degree,S,M
1012,Kara,Ealey,18,8,18,20,1998/1/1,,1914/2/2,Graduate Degree,S,M
1013,Frederick,Pigman,18,8,18,20,1998/1/1,,1914/2/2,Partial College,M,F
1014,Ruth,Minniear,18,8,18,20,1998/1/1,,1914/2/2,Bachelors Degree,S,F
1015,Macario,Robinson,18,8,18,20,1998/1/1,,1914/2/2,High School Degree,S,M
1016,Corrie,Steger,18,8,18,20,1998/1/1,,1914/2/2,Bachelors Degree,S,F
1017,Rebecca,Lindsey,18,8,18,20,1998/1/1,,1914/2/2,High School Degree,M,F
1018,Dennis,Larson,18,8,18,20,1998/1/1,,1914/2/2,Partial High School,S,F
1019,Monita,Heyer,12,4,11,12000,1998/1/1,,1932/12/24,High School Degree,S,F
1020,Kim,Clifford,13,4,11,9000,1998/1/1,,1961/9/24,Partial High School,M,F
1021,Lucille,Smith,13,4,11,8000,1998/1/1,,1961/9/24,Graduate Degree,M,M
1022,Atallah,Todd,13,4,11,7000,1998/1/1,,1961/9/24,High School Degree,S,M
1023,Chris,Batouche,19,4,19,8500,1998/1/1,,1960/12/10,Graduate Degree,M,M
1024,Martha,Marple,19,4,19,8500,1998/1/1,,1960/12/10,Graduate Degree,S,F
1025,Blanche,Griffin,14,4,14,9000,1998/1/1,,1942/6/1,Partial High School,M,M
1026,Beverly,Carrington,15,4,15,7200,1998/1/1,,1914/2/2,Bachelors Degree,S,M
1027,Kathy,Vigil,15,4,15,6800,1998/1/1,,1914/2/2,Partial High School,S,F
1028,Gary,Gonzales,15,4,15,6900,1998/1/1,,1914/2/2,Graduate Degree,S,M
1029,Catherine,Starr,15,4,15,7100,1998/1/1,,1914/2/2,High School Degree,M,F
1030,Steven,Murphy,15,4,15,7000,1998/1/1,,1914/2/2,Partial College,M,F
1031,Harold,Rinks,15,4,15,7000,1998/1/1,,1914/2/2,Partial College,M,F
1032,William,Kroes,15,4,15,5000,1998/1/1,,1914/2/2,High School Degree,S,F
1033,Andrea,Shafer,15,4,15,9000,1998/1/1,,1914/2/2,High School Degree,M,M
1034,Garrett,Price,15,4,15,6500,1998/1/1,,1914/2/2,Bachelors Degree,M,F
1035,Betty,Driscoll,15,4,15,7500,1998/1/1,,1914/2/2,High School Degree,S,M
1036,Clara,Morris,16,4,16,20,1998/1/1,,1914/2/2,Partial High School,M,F
1037,Kerry,Price,16,4,16,20,1998/1/1,,1914/2/2,Graduate Degree,M,M
1038,Joyce,Marez,16,4,16,20,1998/1/1,,1914/2/2,Graduate Degree,M,F
1039,Eleanor,Wachterman,16,4,16,20,1998/1/1,,1914/2/2,High School Degree,M,F
1040,Jason,Usnick,16,4,16,20,1998/1/1,,1914/2/2,Partial High School,S,M
1041,Mike,Brown,16,4,16,20,1998/1/1,,1914/2/2,Bachelors Degree,S,M
1042,Ronald,Galich,16,4,16,20,1998/1/1,,1914/2/2,High School Degree,M,F
1043,Gayle,Watson,16,4,16,20,1998/1/1,,1914/2/2,Partial College,M,M
1044,Phyllis,Ardell,16,4,16,20,1998/1/1,,1914/2/2,Partial High School,S,F
1045,Brian,Nakauchi,16,4,16,20,1998/1/1,,1914/2/2,High School Degree,M,F
1046,Mabel,Powers,17,4,17,4400,1998/1/1,,1946/4/18,Graduate Degree,S,M
1047,Gregory,Amburgey,17,4,17,4800,1998/1/1,,1946/4/18,Bachelors Degree,M,M
1048,Brian,Johnston,17,4,17,3700,1998/1/1,,1946/4/18,High School Degree,S,M
1049,Rama,Hager,17,4,17,6500,1998/1/1,,1946/4/18,Partial High School,S,F
1050,Daniel,Posey,17,4,17,5200,1998/1/1,,1946/4/18,High School Degree,M,F
1051,Ruth,Dimon,17,4,17,4650,1998/1/1,,1946/4/18,Bachelors Degree,M,F
1052,Ryan,Williams,17,4,17,4550,1998/1/1,,1946/4/18,Partial College,M,F
1053,Kiyo,Fien,17,4,17,4400,1998/1/1,,1946/4/18,Graduate Degree,M,F
1054,Brenda,Stalker,17,4,17,4700,1998/1/1,,1946/4/18,Partial College,S,F
1055,Wei,Fan,17,4,17,4500,1998/1/1,,1946/4/18,Graduate Degree,S,M
1056,Thomas,Kamas,18,4,18,20,1998/1/1,,1976/10/5,High School Degree,M,F
1057,Anthony,Barr,18,4,18,20,1998/1/1,,1976/10/5,Bachelors Degree,S,F
1058,Amy,Petranoff,18,4,18,20,1998/1/1,,1976/10/5,Graduate Degree,M,F
1059,Marcia,ONeill,18,4,18,20,1998/1/1,,1976/10/5,Bachelors Degree,S,M
1060,Marilyn,McDonald,18,4,18,20,1998/1/1,,1976/10/5,High School Degree,S,M
1061,Verla,Walter,18,4,18,20,1998/1/1,,1976/10/5,High School Degree,M,F
1062,Jean,McGuin,18,4,18,20,1998/1/1,,1976/10/5,Bachelors Degree,S,F
1063,Gilbert,Amper,18,4,18,20,1998/1/1,,1976/10/5,High School Degree,S,M
1064,Frances,Hansen,18,4,18,20,1998/1/1,,1976/10/5,Partial College,S,F
1065,Virginia,Craycraft,18,4,18,20,1998/1/1,,1976/10/5,Partial College,M,F
1066,David,Johnson,12,12,11,13000,1998/1/1,,1932/12/24,Bachelors Degree,M,M
1067,Marjorie,Marlowe,13,12,11,8900,1998/1/1,,1961/9/24,Partial College,M,M
1068,Edward,Ortiz,13,12,11,8200,1998/1/1,,1961/9/24,Graduate Degree,S,M
1069,Michael,Michaels,13,12,11,7000,1998/1/1,,1961/9/24,Partial High School,M,M
1070,Barbara,Obaugh,19,12,19,8500,1998/1/1,,1960/12/10,Partial College,M,F
1071,Brett,Hammons,19,12,19,8500,1998/1/1,,1960/12/10,Partial College,S,M
1072,Donald,Curl,14,12,14,9000,1998/1/1,,1942/6/1,Bachelors Degree,S,F
1073,Joyce,Heth,15,12,15,7000,1998/1/1,,1914/2/2,High School Degree,M,M
1074,Alice,Salazar,15,12,15,6800,1998/1/1,,1914/2/2,Partial High School,M,M
1075,Marcus,Reardon,15,12,15,6700,1998/1/1,,1914/2/2,Partial College,M,M
1076,Glenn,Chenault,15,12,15,8200,1998/1/1,,1914/2/2,Bachelors Degree,M,F
1077,Sandra,Edwards,15,12,15,8000,1998/1/1,,1914/2/2,High School Degree,M,M
1078,Beulah,Sowards,15,12,15,7000,1998/1/1,,1914/2/2,Bachelors Degree,S,F
1079,Konie,James,15,12,15,6800,1998/1/1,,1914/2/2,Graduate Degree,S,F
1080,Hazel,Coy,15,12,15,6700,1998/1/1,,1914/2/2,Partial High School,M,M
1081,Merced,Putinas,15,12,15,8200,1998/1/1,,1914/2/2,Bachelors Degree,M,M
1082,Marilyn,Jasper,15,12,15,7900,1998/1/1,,1914/2/2,Bachelors Degree,M,F
1083,Carl,Morris,15,12,15,7000,1998/1/1,,1914/2/2,Partial College,M,M
1084,Merceades,Laudenslager,15,12,15,6800,1998/1/1,,1914/2/2,Bachelors Degree,S,M
1085,Robin,Dominica,15,12,15,6700,1998/1/1,,1914/2/2,Partial High School,M,F
1086,Jade,Brandberry,15,12,15,8200,1998/1/1,,1914/2/2,Partial College,S,F
1087,Kathleen,Henderson,15,12,15,8100,1998/1/1,,1914/2/2,Partial High School,M,M
1088,John,Williamson,16,12,16,20,1998/1/1,,1914/2/2,Partial High School,S,F
1089,Eugene,Goodwater,16,12,16,20,1998/1/1,,1914/2/2,High School Degree,M,M
1090,Paula,Tomlinson,16,12,16,20,1998/1/1,,1914/2/2,Bachelors Degree,M,M
1091,Shauneen,Springate,16,12,16,20,1998/1/1,,1914/2/2,High School Degree,M,F
1092,James,Delhay,16,12,16,20,1998/1/1,,1914/2/2,Partial High School,S,M
1093,Linda,Petrick,16,12,16,20,1998/1/1,,1914/2/2,High School Degree,M,F
1094,Bernard,Maestas,16,12,16,20,1998/1/1,,1914/2/2,Partial College,M,F
1095,Thomas,Balchuck,16,12,16,20,1998/1/1,,1914/2/2,Partial College,M,F
1096,Valerie,Waller,16,12,16,20,1998/1/1,,1914/2/2,Partial College,S,M
1097,Beatrice,Barney,16,12,16,20,1998/1/1,,1914/2/2,Bachelors Degree,S,M
1098,Emily,Gerber,16,12,16,20,1998/1/1,,1914/2/2,Partial College,M,F
1099,Darlyn,Grayson,16,12,16,20,1998/1/1,,1914/2/2,Partial High School,S,F
1100,Rachel,Purcell,16,12,16,20,1998/1/1,,1914/2/2,Graduate Degree,M,F
1101,Steve,Eurich,16,12,16,20,1998/1/1,,1914/2/2,Partial College,M,M
1102,Mary,Pierson,16,12,16,20,1998/1/1,,1914/2/2,Partial College,S,F
1103,Leo,Jones,16,12,16,20,1998/1/1,,1914/2/2,Graduate Degree,M,F
1104,Nancy,Beatty,16,12,16,20,1998/1/1,,1914/2/2,High School Degree,S,M
1105,Clara,McNight,16,12,16,20,1998/1/1,,1914/2/2,Bachelors Degree,M,M
1106,Marcella,Isaacs,17,12,17,4400,1998/1/1,,1914/2/2,High School Degree,M,F
1107,Charlotte,Yonce,17,12,17,4800,1998/1/1,,1914/2/2,High School Degree,M,M
1108,Benjamin,Foster,17,12,17,3700,1998/1/1,,1914/2/2,Partial High School,S,F
1109,John,Reed,17,12,17,6500,1998/1/1,,1914/2/2,Partial High School,S,F
1110,Lynn,Kwiatkowski,17,12,17,4300,1998/1/1,,1914/2/2,Partial High School,M,M
1111,Donald,Vann,17,12,17,5200,1998/1/1,,1914/2/2,Bachelors Degree,S,M
1112,William,Smith,17,12,17,4650,1998/1/1,,1914/2/2,Partial College,S,M
1113,Amy,Hensley,17,12,17,4550,1998/1/1,,1914/2/2,Bachelors Degree,M,M
1114,Judy,Owens,17,12,17,4400,1998/1/1,,1914/2/2,Graduate Degree,S,M
1115,Frederick,Castillo,17,12,17,4200,1998/1/1,,1914/2/2,Partial College,S,F
1116,Phil,Munoz,17,12,17,4700,1998/1/1,,1914/2/2,Partial High School,M,M
1117,Lori,Lightfoot,17,12,17,4500,1998/1/1,,1914/2/2,High School Degree,S,M
1118,Joyce,Simmons,17,12,17,4400,1998/1/1,,1914/2/2,High School Degree,S,M
1119,James,Hays,17,12,17,4600,1998/1/1,,1914/2/2,High School Degree,M,F
1120,Elizabeth,Auintana,17,12,17,4400,1998/1/1,,1914/2/2,Graduate Degree,S,M
1121,Luther,Flanigan,18,12,18,20,1998/1/1,,1914/2/2,High School Degree,S,M
1122,Oleta,Shanklin,18,12,18,20,1998/1/1,,1914/2/2,Bachelors Degree,M,F
1123,Margaret,Lewis,18,12,18,20,1998/1/1,,1914/2/2,Partial College,M,M
1124,Chris,King,18,12,18,20,1998/1/1,,1914/2/2,High School Degree,S,M
1125,Anna,Frongillo,18,12,18,20,1998/1/1,,1914/2/2,Partial High School,S,F
1126,Sheila,Stallings,18,12,18,20,1998/1/1,,1914/2/2,Partial College,M,M
1127,Richard,Yoshimura,18,12,18,20,1998/1/1,,1914/2/2,Partial High School,S,M
1128,Stacey,Rowland,18,12,18,20,1998/1/1,,1914/2/2,Partial College,S,F
1129,Daniel,Balleo,18,12,18,20,1998/1/1,,1914/2/2,Partial College,M,M
1130,Myrtle,Maggard,18,12,18,20,1998/1/1,,1914/2/2,Partial College,M,M
1131,Marin,Bezic,18,12,18,20,1998/1/1,,1914/2/2,Graduate Degree,S,M
1132,Joan,Staley,18,12,18,20,1998/1/1,,1914/2/2,High School Degree,M,F
1133,Troy,Lipford,18,12,18,20,1998/1/1,,1914/2/2,Partial College,S,F
1134,Johann,Winternitz,18,12,18,20,1998/1/1,,1914/2/2,Graduate Degree,S,M
1135,Ruben,Burns,18,12,18,20,1998/1/1,,1914/2/2,Bachelors Degree,M,F
1136,Sepideh,Cruz,18,12,18,20,1998/1/1,,1914/2/2,High School Degree,S,F
1137,Heather,Geiermann,18,12,18,20,1998/1/1,,1914/2/2,High School Degree,S,F
1138,James,Eichorn,18,12,18,20,1998/1/1,,1914/2/2,Partial College,S,M
1139,Jeanette,Belsey,12,18,11,10000,1998/1/1,,1972/5/12,Graduate Degree,S,M
1140,Mona,Jaramillo,13,18,11,8900,1998/1/1,,1961/9/24,Partial College,S,M
1141,James,Compagno,15,18,15,6400,1998/1/1,,1914/2/2,Graduate Degree,S,M
1142,Hazel,Souza,15,18,15,5900,1998/1/1,,1914/2/2,High School Degree,M,M
1143,Ana,Quick,15,18,15,6200,1998/1/1,,1914/2/2,Partial College,M,F
1144,Shirley,Curtsinger,15,18,15,6100,1998/1/1,,1914/2/2,Bachelors Degree,M,M
1145,Michael,Swartwood,16,18,16,20,1998/1/1,,1914/2/2,Partial College,M,F
1146,Elizabeth,Anderson,16,18,16,20,1998/1/1,,1914/2/2,High School Degree,S,F
1147,Jacqueline,Cutwright,16,18,16,20,1998/1/1,,1914/2/2,Partial High School,S,F
1148,Sharon,Bishop,16,18,16,20,1998/1/1,,1914/2/2,High School Degree,M,F
1149,Bertha,Ciruli,17,18,17,4400,1998/1/1,,1914/2/2,High School Degree,M,F
1150,Foster,Detwiler,17,18,17,4800,1998/1/1,,1914/2/2,Partial High School,M,M
1151,Burnis,Biltoft,17,18,17,3700,1998/1/1,,1914/2/2,High School Degree,S,F
1152,Barbara,Younce,17,18,17,6500,1998/1/1,,1914/2/2,Bachelors Degree,M,M
1153,Gail,Pirnie,18,18,18,20,1998/1/1,,1914/2/2,Bachelors Degree,S,M
1154,Judy,Doolittle,18,18,18,20,1998/1/1,,1914/2/2,High School Degree,M,F
1155,Vivian,Burnham,18,18,18,20,1998/1/1,,1914/2/2,Bachelors Degree,S,M
1156,Kris,Stand,18,18,18,20,1998/1/1,,1914/2/2,Graduate Degree,S,F