store_id,store_type,store_name,region_id,store_street_address,store_state,store_postal_code,store_phone,store_fax,first_opened_date,last_remodel_date,store_sqft,grocery_sqft,frozen_sqft,meat_sqft,coffee_bar,video_store,salad_bar,prepared_food,florist
1,Supermarket,Store 1,28,2853 Bailey Rd,Guerrero,55555,262-555-5124,262-555-5121,1/9/1982,12/5/1990,23593,17475,3671,2447,f,f,f,f,f
2,Small Grocery,Store 2,78,5203 Catanzaro Way,WA,55555,605-555-8203,605-555-8201,4/2/1970,6/4/1973,28206,22271,3561,2374,t,f,f,f,f
3,Supermarket,Store 3,76,1501 Ramsey Circle,WA,55555,509-555-1596,509-555-1591,6/14/1959,11/19/1967,39696,24390,9184,6122,f,f,t,t,f
4,Gourmet Supermarket,Store 4,27,433 St George Dr,Zacatecas,55555,304-555-1474,304-555-1471,9/27/1994,12/1/1995,23759,16844,4149,2766,t,f,t,t,t
5,Small Grocery,Store 5,4,1250 Coggins Drive,Jalisco,55555,801-555-4324,801-555-4321,9/18/1978,6/29/1991,24597,15012,5751,3834,t,f,f,f,f
6,Gourmet Supermarket,Store 6,47,5495 Mitchell Canyon Road,CA,55555,958-555-5002,958-555-5001,1/3/1981,3/13/1991,23688,15337,5011,3340,t,t,t,t,t
7,Supermarket,Store 7,3,1077 Wharf Drive,CA,55555,477-555-7967,477-555-7961,5/21/1971,10/20/1981,23598,14210,5633,3755,f,f,f,f,t
8,Deluxe Supermarket,Store 8,26,3173 Buena Vista Ave,Yucatan,55555,797-555-3417,797-555-3411,9/23/1958,11/18/1967,30797,20141,6393,4262,t,t,t,t,t
9,Mid-Size Grocery,Store 9,2,1872 El Pintado Road,DF,55555,439-555-3524,439-555-3521,3/18/1955,6/7/1959,36509,22450,8435,5624,f,f,f,f,f
10,Supermarket,Store 10,24,7894 Rotherham Dr,Veracruz,55555,212-555-4774,212-555-4771,4/13/1979,1/30/1982,34791,26354,5062,3375,f,f,t,t,f
11,Supermarket,Store 11,22,5371 Holland Circle,OR,55555,685-555-8995,685-555-8991,9/17/1976,5/15/1982,20319,16232,2452,1635,f,f,f,f,f
12,Deluxe Supermarket,Store 12,25,1120 Westchester Pl,Zacatecas,55555,151-555-1702,151-555-1701,3/25/1968,12/18/1993,30584,21938,5188,3458,t,t,t,t,t
13,Deluxe Supermarket,Store 13,23,5179 Valley Ave,OR,55555,977-555-2724,977-555-2721,4/13/1957,11/10/1997,27694,18670,5415,3610,t,t,t,t,t
14,Small Grocery,Store 14,1,4365 Indigo Ct,CA,55555,135-555-4888,135-555-4881,11/24/1957,1/7/1958,22478,15321,4294,2863,t,f,f,f,f
15,Supermarket,Store 15,18,5006 Highland Drive,WA,55555,893-555-1024,893-555-1021,7/24/1969,10/19/1973,21215,13305,4746,3164,t,f,f,f,f
16,Supermarket,Store 16,87,5922 La Salle Ct,WA,55555,643-555-3645,643-555-3641,8/23/1974,7/13/1977,30268,22063,4923,3282,f,f,f,f,f
17,Deluxe Supermarket,Store 17,84,490 Risdon Road,WA,55555,855-555-5581,855-555-5581,5/30/1970,6/23/1976,33858,22123,7041,4694,t,f,t,t,t
18,Mid-Size Grocery,Store 18,25,6764 Glen Road,Zacatecas,55555,528-555-8317,528-555-8311,6/28/1969,8/30/1975,38382,30351,4819,3213,f,f,f,f,f
19,Deluxe Supermarket,Store 19,5,6644 Sudance Drive,BC,55555,862-555-7395,862-555-7391,3/27/1977,10/25/1990,23112,16418,4016,2678,t,t,t,t,t
20,Mid-Size Grocery,Store 20,6,3706 Marvelle Ln,BC,55555,897-555-1931,897-555-1931,2/6/1980,4/9/1987,34452,27463,4193,2795,t,f,f,f,t
21,Deluxe Supermarket,Store 21,106,4093 Steven Circle,DF,55555,493-555-4781,493-555-4781,2/7/1986,4/16/1990,,,,,t,f,t,t,t
22,Small Grocery,Store 22,88,9606 Julpum Loop,WA,55555,881-555-5117,881-555-5111,1/24/1951,10/17/1969,,,,,f,f,f,f,f
23,Mid-Size Grocery,Store 23,89,3920 Noah Court,WA,55555,170-555-8424,170-555-8421,7/16/1977,7/24/1987,,,,,f,f,f,f,f
24,Supermarket,Store 24,7,2342 Waltham St.,CA,55555,111-555-0303,111-555-0304,5/22/1979,4/20/1986,,,,,t,f,t,f,t
